product_code;kebutuhan;created_at
706-GLU;1000;20202
706-HCL;1000;20202
706-PHP;500;20202
706-MNS;250;20202
706-MTL;6000;20202
706-CCH;25;20202
706-WPM;1000;20202
706-ALK;30000;20202
706-MMS;50000;20202
706-DCA;135;20202
706-KNO;4000;20202
706-CNO;4000;20202
706-BES;100;20202
706-MNP;4000;20202
706-KSO;1000;20202
706-AEN;4000;20202
706-MAG;4000;20202
706-MAN;1000;20202
706-TCU;4000;20202
706-SZN;4000;20202
706-ISO;4000;20202
706-AMO;30;20202
706-IOD;125;20202
706-MET;500;20202
706-EOS;500;20202
706-AQU;10000;20202
706-BAP;20;20202
706-PRO;2500;20202
706-PHD;2;20202
706-TIS;2;20202
706-TER;250;20202
706-LBK;6;20202
706-DET;900;20202
706-DED;1000;20202
706-BKG;1000;20202
706-BBD;10;20202
706-BBY;25;20202
706-BBM;50;20202
706-BSL;250;20202
706-BMN;500;20202
706-BMH;250;20202
706-BSD;15;20202
706-BCR;10;20202
706-BSW;25;20202
706-BPC;25;20202
706-BSM;10;20202
706-BTM;10;20202
706-BKK;20;20202
706-BBC;100;20202
706-BTC;25;20202
706-BCB;25;20202
706-BJM;250;20202
706-KMG;250;20202
706-TSP;1000;20202
706-PPK-1;1;20202
706-TNH;1;20202
706-CCP;5000;20202
706-SBK;1;20202
706-KSC;1;20202
706-TOB;1;20202
706-MJK;1;20202
706-GUA;1;20202
706-GAB;1;20202
706-PHU;1;20202
706-PPK-2;0;20202
706-KSR;0;20202
706-PDA;0;20202
706-AGR;0;20202
706-ASK;0;20202
706-HNO;0;20202
706-BFR-1;0;20202
706-BFR-2;0;20202
706-DEX;0;20202
706-KAN;0;20202
706-FEE;0;20202
706-MKP;0;20202
706-ASF;0;20202
706-MGS;0;20202
706-CUS;0;20202
706-ZNS;0;20202
706-HBO;0;20202
706-AHM;0;20202
706-ASS;0;20202
706-NAA;0;20202
706-PPM;0;20202
706-NOH;0;20202
706-CAA;0;20202
706-BAG;0;20202
706-SUC;0;20202
706-IBA;0;20202
706-KCL;0;20202
706-AAG;0;20202
706-AAS;0;20202
706-PAC;0;20202
706-CAM;0;20202
706-LGL;0;20202
706-MER;0;20202
706-IAA;0;20202
706-HAK;0;20202
706-KOH;0;20202
706-BBA;0;20202
706-BUB;0;20202
706-BKT;0;20202
706-BBK;0;20202
706-BBT;0;20202
706-PLY;2;20202
706-BTR;1;20202
706-KPS;0;20202
706-KRG;0;20202
706-GLM;0;20202
706-BTN;0;20202
706-BTA;0;20202
706-PPK-3;12000;20202
706-PES;0;20202
706-BHK;0;20202
706-MBK;0;20202
706-MJM;0;20202
706-BMM;0;20202
706-BFG;0;20202
706-MTN;0;20202
706-ABM;0;20202
706-HER;0;20202
706-ICR;0;20202
706-INM;0;20202
706-PPK-4;0;20202
706-PPK-5;0;20202
706-BJV;0;20202
706-BCV;0;20202
706-BKP;0;20202
706-BKA;0;20202
706-BKU;0;20202
706-BSA;0;20202
706-BML;0;20202
706-BRS;0;20202
706-TRA;1;20202
706-PPU-1;0;20202
706-PPU-2;0;20202
706-ZIP;0;20202
706-PKK;32;20202
706-FUN;0;20202
706-FUR;0;20202
706-BKI;0;20202
706-BKH;0;20202
706-BSY;0;20202
706-AMP;0;20202
706-GUN;0;20202
706-CUP;1;20202
706-BBG;0;20202
706-BBB;0;20202
706-BLD;0;20202
706-ZPT;0;20202
706-BPS;0;20202
706-BPP;0;20202
706-SEL;0;20202
706-BUJ;0;20202
706-BAL;0;20202
706-BKM;0;20202
706-BMG;0;20202
706-AOL;0;20202
706-TRI;0;20202
706-BEE;0;20202
706-BPI;0;20202
706-BJU;0;20202
706-GLU;0;20211
706-HCL;0;20211
706-PHP;0;20211
706-MNS;0;20211
706-MTL;0;20211
706-CCH;0;20211
706-WPM;0;20211
706-ALK;0;20211
706-MMS;0;20211
706-DCA;0;20211
706-KNO;0;20211
706-CNO;0;20211
706-BES;0;20211
706-MNP;0;20211
706-KSO;0;20211
706-AEN;0;20211
706-MAG;0;20211
706-MAN;0;20211
706-TCU;0;20211
706-SZN;0;20211
706-ISO;0;20211
706-AMO;0;20211
706-IOD;0;20211
706-MET;0;20211
706-EOS;0;20211
706-AQU;0;20211
706-BAP;0;20211
706-PRO;0;20211
706-PHD;0;20211
706-TIS;0;20211
706-TER;0;20211
706-LBK;0;20211
706-DET;550;20211
706-DED;320;20211
706-BKG;250;20211
706-BBD;50;20211
706-BBY;50;20211
706-BBM;50;20211
706-BSL;50;20211
706-BMN;50;20211
706-BMH;250;20211
706-BSD;250;20211
706-BCR;250;20211
706-BSW;250;20211
706-BPC;250;20211
706-BSM;250;20211
706-BTM;250;20211
706-BKK;250;20211
706-BBC;250;20211
706-BTC;250;20211
706-BCB;250;20211
706-BJM;250;20211
706-KMG;250;20211
706-TSP;2000;20211
706-PPK-1;6;20211
706-TNH;50;20211
706-CCP;25000;20211
706-SBK;5;20211
706-KSC;4;20211
706-TOB;2;20211
706-MJK;0;20211
706-GUA;0;20211
706-GAB;0;20211
706-PHU;0;20211
706-PPK-2;24;20211
706-KSR;1;20211
706-PDA;100;20211
706-AGR;1000;20211
706-ASK;25000;20211
706-HNO;0;20211
706-BFR-1;0;20211
706-BFR-2;0;20211
706-DEX;0;20211
706-KAN;0;20211
706-FEE;0;20211
706-MKP;0;20211
706-ASF;0;20211
706-MGS;0;20211
706-CUS;0;20211
706-ZNS;0;20211
706-HBO;0;20211
706-AHM;0;20211
706-ASS;0;20211
706-NAA;0;20211
706-PPM;0;20211
706-NOH;0;20211
706-CAA;0;20211
706-BAG;0;20211
706-SUC;0;20211
706-IBA;0;20211
706-KCL;0;20211
706-AAG;0;20211
706-AAS;0;20211
706-PAC;0;20211
706-CAM;0;20211
706-LGL;0;20211
706-MER;0;20211
706-IAA;0;20211
706-HAK;0;20211
706-KOH;0;20211
706-BBA;0;20211
706-BUB;0;20211
706-BKT;0;20211
706-BBK;0;20211
706-BBT;0;20211
706-PLY;4;20211
706-BTR;0;20211
706-KPS;0;20211
706-KRG;0;20211
706-GLM;0;20211
706-BTN;0;20211
706-BTA;0;20211
706-PPK-3;12000;20211
706-PES;0;20211
706-BHK;0;20211
706-MBK;0;20211
706-MJM;0;20211
706-BMM;0;20211
706-BFG;0;20211
706-MTN;0;20211
706-ABM;0;20211
706-HER;0;20211
706-ICR;0;20211
706-INM;0;20211
706-PPK-4;0;20211
706-PPK-5;0;20211
706-BJV;0;20211
706-BCV;0;20211
706-BKP;0;20211
706-BKA;0;20211
706-BKU;0;20211
706-BSA;0;20211
706-BML;0;20211
706-BRS;0;20211
706-TRA;0;20211
706-PPU-1;0;20211
706-PPU-2;0;20211
706-ZIP;0;20211
706-PKK;0;20211
706-FUN;0;20211
706-FUR;0;20211
706-BKI;0;20211
706-BKH;0;20211
706-BSY;0;20211
706-AMP;0;20211
706-GUN;0;20211
706-CUP;0;20211
706-BBG;0;20211
706-BBB;0;20211
706-BLD;0;20211
706-ZPT;0;20211
706-BPS;0;20211
706-BPP;0;20211
706-SEL;0;20211
706-BUJ;0;20211
706-BAL;0;20211
706-BKM;0;20211
706-BMG;0;20211
706-AOL;0;20211
706-TRI;0;20211
706-BEE;0;20211
706-BPI;0;20211
706-BJU;0;20211
706-GLU;0;20212
706-HCL;0;20212
706-PHP;0;20212
706-MNS;200;20212
706-MTL;0;20212
706-CCH;0;20212
706-WPM;0;20212
706-ALK;20000;20212
706-MMS;10000;20212
706-DCA;250;20212
706-KNO;1000;20212
706-CNO;0;20212
706-BES;0;20212
706-MNP;0;20212
706-KSO;200;20212
706-AEN;0;20212
706-MAG;0;20212
706-MAN;0;20212
706-TCU;0;20212
706-SZN;0;20212
706-ISO;0;20212
706-AMO;0;20212
706-IOD;1000;20212
706-MET;500;20212
706-EOS;500;20212
706-AQU;200000;20212
706-BAP;2;20212
706-PRO;0;20212
706-PHD;0;20212
706-TIS;0;20212
706-TER;0;20212
706-LBK;0;20212
706-DET;0;20212
706-DED;0;20212
706-BKG;0;20212
706-BBD;0;20212
706-BBY;0;20212
706-BBM;0;20212
706-BSL;0;20212
706-BMN;0;20212
706-BMH;0;20212
706-BSD;0;20212
706-BCR;0;20212
706-BSW;0;20212
706-BPC;0;20212
706-BSM;0;20212
706-BTM;0;20212
706-BKK;0;20212
706-BBC;0;20212
706-BTC;0;20212
706-BCB;0;20212
706-BJM;0;20212
706-KMG;0;20212
706-TSP;0;20212
706-PPK-1;0;20212
706-TNH;0;20212
706-CCP;0;20212
706-SBK;0;20212
706-KSC;0;20212
706-TOB;0;20212
706-MJK;0;20212
706-GUA;0;20212
706-GAB;0;20212
706-PHU;0;20212
706-PPK-2;0;20212
706-KSR;0;20212
706-PDA;100;20212
706-AGR;1000;20212
706-ASK;0;20212
706-HNO;1000;20212
706-BFR-1;250;20212
706-BFR-2;250;20212
706-DEX;1000;20212
706-KAN;2000;20212
706-FEE;100;20212
706-MKP;2000;20212
706-ASF;2000;20212
706-MGS;1000;20212
706-CUS;200;20212
706-ZNS;200;20212
706-HBO;200;20212
706-AHM;100;20212
706-ASS;500;20212
706-NAA;25;20212
706-PPM;60;20212
706-NOH;500;20212
706-CAA;3000;20212
706-BAG;1000;20212
706-SUC;1000;20212
706-IBA;5;20212
706-KCL;1000;20212
706-AAG;2;20212
706-AAS;2;20212
706-PAC;1;20212
706-CAM;1;20212
706-LGL;100;20212
706-MER;0;20212
706-IAA;0;20212
706-HAK;0;20212
706-KOH;1;20212
706-BBA;0;20212
706-BUB;0;20212
706-BKT;0;20212
706-BBK;0;20212
706-BBT;0;20212
706-PLY;0;20212
706-BTR;0;20212
706-KPS;0;20212
706-KRG;0;20212
706-GLM;0;20212
706-BTN;0;20212
706-BTA;0;20212
706-PPK-3;5000;20212
706-PES;0;20212
706-BHK;0;20212
706-MBK;1;20212
706-MJM;0;20212
706-BMM;0;20212
706-BFG;0;20212
706-MTN;0;20212
706-ABM;0;20212
706-HER;0;20212
706-ICR;0;20212
706-INM;0;20212
706-PPK-4;0;20212
706-PPK-5;0;20212
706-BJV;0;20212
706-BCV;0;20212
706-BKP;0;20212
706-BKA;0;20212
706-BKU;0;20212
706-BSA;0;20212
706-BML;0;20212
706-BRS;0;20212
706-TRA;0;20212
706-PPU-1;0;20212
706-PPU-2;0;20212
706-ZIP;0;20212
706-PKK;0;20212
706-FUN;1;20212
706-FUR;0;20212
706-BKI;0;20212
706-BKH;0;20212
706-BSY;0;20212
706-AMP;0;20212
706-GUN;0;20212
706-CUP;0;20212
706-BBG;0;20212
706-BBB;0;20212
706-BLD;0;20212
706-ZPT;0;20212
706-BPS;0;20212
706-BPP;0;20212
706-SEL;0;20212
706-BUJ;0;20212
706-BAL;0;20212
706-BKM;0;20212
706-BMG;0;20212
706-AOL;0;20212
706-TRI;0;20212
706-BEE;0;20212
706-BPI;0;20212
706-BJU;0;20212
706-GLU;0;20221
706-HCL;0;20221
706-PHP;0;20221
706-MNS;0;20221
706-MTL;0;20221
706-CCH;0;20221
706-WPM;0;20221
706-ALK;0;20221
706-MMS;10000;20221
706-DCA;100;20221
706-KNO;0;20221
706-CNO;0;20221
706-BES;0;20221
706-MNP;0;20221
706-KSO;0;20221
706-AEN;0;20221
706-MAG;0;20221
706-MAN;0;20221
706-TCU;0;20221
706-SZN;0;20221
706-ISO;0;20221
706-AMO;0;20221
706-IOD;0;20221
706-MET;0;20221
706-EOS;0;20221
706-AQU;0;20221
706-BAP;2;20221
706-PRO;0;20221
706-PHD;0;20221
706-TIS;0;20221
706-TER;0;20221
706-LBK;0;20221
706-DET;0;20221
706-DED;0;20221
706-BKG;0;20221
706-BBD;0;20221
706-BBY;0;20221
706-BBM;0;20221
706-BSL;0;20221
706-BMN;0;20221
706-BMH;0;20221
706-BSD;0;20221
706-BCR;0;20221
706-BSW;0;20221
706-BPC;0;20221
706-BSM;0;20221
706-BTM;0;20221
706-BKK;0;20221
706-BBC;0;20221
706-BTC;0;20221
706-BCB;0;20221
706-BJM;0;20221
706-KMG;0;20221
706-TSP;0;20221
706-PPK-1;0;20221
706-TNH;0;20221
706-CCP;0;20221
706-SBK;0;20221
706-KSC;0;20221
706-TOB;0;20221
706-MJK;0;20221
706-GUA;0;20221
706-GAB;0;20221
706-PHU;0;20221
706-PPK-2;0;20221
706-KSR;0;20221
706-PDA;0;20221
706-AGR;0;20221
706-ASK;0;20221
706-HNO;0;20221
706-BFR-1;0;20221
706-BFR-2;0;20221
706-DEX;0;20221
706-KAN;0;20221
706-FEE;0;20221
706-MKP;0;20221
706-ASF;0;20221
706-MGS;0;20221
706-CUS;0;20221
706-ZNS;0;20221
706-HBO;0;20221
706-AHM;0;20221
706-ASS;0;20221
706-NAA;0;20221
706-PPM;0;20221
706-NOH;0;20221
706-CAA;0;20221
706-BAG;0;20221
706-SUC;0;20221
706-IBA;0;20221
706-KCL;0;20221
706-AAG;0;20221
706-AAS;0;20221
706-PAC;0;20221
706-CAM;0;20221
706-LGL;0;20221
706-MER;0;20221
706-IAA;0;20221
706-HAK;0;20221
706-KOH;0;20221
706-BBA;0;20221
706-BUB;0;20221
706-BKT;0;20221
706-BBK;0;20221
706-BBT;0;20221
706-PLY;0;20221
706-BTR;0;20221
706-KPS;0;20221
706-KRG;0;20221
706-GLM;0;20221
706-BTN;0;20221
706-BTA;0;20221
706-PPK-3;0;20221
706-PES;0;20221
706-BHK;0;20221
706-MBK;0;20221
706-MJM;0;20221
706-BMM;0;20221
706-BFG;0;20221
706-MTN;0;20221
706-ABM;0;20221
706-HER;0;20221
706-ICR;0;20221
706-INM;0;20221
706-PPK-4;0;20221
706-PPK-5;0;20221
706-BJV;0;20221
706-BCV;0;20221
706-BKP;0;20221
706-BKA;0;20221
706-BKU;0;20221
706-BSA;0;20221
706-BML;0;20221
706-BRS;0;20221
706-TRA;0;20221
706-PPU-1;0;20221
706-PPU-2;0;20221
706-ZIP;0;20221
706-PKK;0;20221
706-FUN;0;20221
706-FUR;0;20221
706-BKI;0;20221
706-BKH;0;20221
706-BSY;0;20221
706-AMP;0;20221
706-GUN;0;20221
706-CUP;0;20221
706-BBG;0;20221
706-BBB;0;20221
706-BLD;0;20221
706-ZPT;0;20221
706-BPS;0;20221
706-BPP;0;20221
706-SEL;0;20221
706-BUJ;0;20221
706-BAL;0;20221
706-BKM;0;20221
706-BMG;0;20221
706-AOL;0;20221
706-TRI;0;20221
706-BEE;0;20221
706-BPI;0;20221
706-BJU;0;20221
706-GLU;0;20222
706-HCL;0;20222
706-PHP;0;20222
706-MNS;0;20222
706-MTL;0;20222
706-CCH;0;20222
706-WPM;0;20222
706-ALK;5000;20222
706-MMS;0;20222
706-DCA;0;20222
706-KNO;0;20222
706-CNO;0;20222
706-BES;0;20222
706-MNP;0;20222
706-KSO;0;20222
706-AEN;0;20222
706-MAG;0;20222
706-MAN;0;20222
706-TCU;0;20222
706-SZN;0;20222
706-ISO;0;20222
706-AMO;0;20222
706-IOD;0;20222
706-MET;0;20222
706-EOS;0;20222
706-AQU;0;20222
706-BAP;0;20222
706-PRO;0;20222
706-PHD;2;20222
706-TIS;5;20222
706-TER;0;20222
706-LBK;0;20222
706-DET;0;20222
706-DED;0;20222
706-BKG;0;20222
706-BBD;0;20222
706-BBY;0;20222
706-BBM;0;20222
706-BSL;0;20222
706-BMN;0;20222
706-BMH;0;20222
706-BSD;0;20222
706-BCR;0;20222
706-BSW;0;20222
706-BPC;0;20222
706-BSM;0;20222
706-BTM;0;20222
706-BKK;0;20222
706-BBC;0;20222
706-BTC;0;20222
706-BCB;0;20222
706-BJM;0;20222
706-KMG;0;20222
706-TSP;0;20222
706-PPK-1;1;20222
706-TNH;0;20222
706-CCP;0;20222
706-SBK;0;20222
706-KSC;0;20222
706-TOB;0;20222
706-MJK;0;20222
706-GUA;0;20222
706-GAB;0;20222
706-PHU;0;20222
706-PPK-2;0;20222
706-KSR;0;20222
706-PDA;0;20222
706-AGR;0;20222
706-ASK;0;20222
706-HNO;0;20222
706-BFR-1;0;20222
706-BFR-2;0;20222
706-DEX;0;20222
706-KAN;0;20222
706-FEE;0;20222
706-MKP;0;20222
706-ASF;0;20222
706-MGS;0;20222
706-CUS;0;20222
706-ZNS;0;20222
706-HBO;0;20222
706-AHM;0;20222
706-ASS;0;20222
706-NAA;0;20222
706-PPM;0;20222
706-NOH;0;20222
706-CAA;0;20222
706-BAG;0;20222
706-SUC;0;20222
706-IBA;0;20222
706-KCL;0;20222
706-AAG;0;20222
706-AAS;0;20222
706-PAC;0;20222
706-CAM;0;20222
706-LGL;0;20222
706-MER;0;20222
706-IAA;0;20222
706-HAK;0;20222
706-KOH;0;20222
706-BBA;10;20222
706-BUB;2000;20222
706-BKT;1000;20222
706-BBK;50000;20222
706-BBT;1;20222
706-PLY;5;20222
706-BTR;5;20222
706-KPS;5;20222
706-KRG;10;20222
706-GLM;4;20222
706-BTN;0;20222
706-BTA;0;20222
706-PPK-3;0;20222
706-PES;0;20222
706-BHK;0;20222
706-MBK;0;20222
706-MJM;0;20222
706-BMM;0;20222
706-BFG;0;20222
706-MTN;0;20222
706-ABM;0;20222
706-HER;0;20222
706-ICR;0;20222
706-INM;0;20222
706-PPK-4;0;20222
706-PPK-5;0;20222
706-BJV;0;20222
706-BCV;0;20222
706-BKP;0;20222
706-BKA;0;20222
706-BKU;0;20222
706-BSA;0;20222
706-BML;0;20222
706-BRS;0;20222
706-TRA;0;20222
706-PPU-1;0;20222
706-PPU-2;0;20222
706-ZIP;0;20222
706-PKK;0;20222
706-FUN;0;20222
706-FUR;0;20222
706-BKI;0;20222
706-BKH;0;20222
706-BSY;10;20222
706-AMP;0;20222
706-GUN;0;20222
706-CUP;1;20222
706-BBG;0;20222
706-BBB;0;20222
706-BLD;0;20222
706-ZPT;0;20222
706-BPS;0;20222
706-BPP;0;20222
706-SEL;0;20222
706-BUJ;0;20222
706-BAL;0;20222
706-BKM;0;20222
706-BMG;0;20222
706-AOL;0;20222
706-TRI;0;20222
706-BEE;0;20222
706-BPI;0;20222
706-BJU;0;20222
706-GLU;0;20231
706-HCL;0;20231
706-PHP;0;20231
706-MNS;0;20231
706-MTL;0;20231
706-CCH;0;20231
706-WPM;0;20231
706-ALK;0;20231
706-MMS;0;20231
706-DCA;0;20231
706-KNO;0;20231
706-CNO;0;20231
706-BES;0;20231
706-MNP;0;20231
706-KSO;0;20231
706-AEN;0;20231
706-MAG;0;20231
706-MAN;0;20231
706-TCU;0;20231
706-SZN;0;20231
706-ISO;0;20231
706-AMO;0;20231
706-IOD;0;20231
706-MET;0;20231
706-EOS;0;20231
706-AQU;0;20231
706-BAP;0;20231
706-PRO;0;20231
706-PHD;0;20231
706-TIS;0;20231
706-TER;0;20231
706-LBK;0;20231
706-DET;0;20231
706-DED;0;20231
706-BKG;0;20231
706-BBD;0;20231
706-BBY;0;20231
706-BBM;0;20231
706-BSL;0;20231
706-BMN;0;20231
706-BMH;0;20231
706-BSD;0;20231
706-BCR;0;20231
706-BSW;0;20231
706-BPC;0;20231
706-BSM;0;20231
706-BTM;0;20231
706-BKK;0;20231
706-BBC;0;20231
706-BTC;0;20231
706-BCB;0;20231
706-BJM;0;20231
706-KMG;0;20231
706-TSP;0;20231
706-PPK-1;150;20231
706-TNH;0;20231
706-CCP;0;20231
706-SBK;0;20231
706-KSC;0;20231
706-TOB;0;20231
706-MJK;0;20231
706-GUA;0;20231
706-GAB;0;20231
706-PHU;0;20231
706-PPK-2;0;20231
706-KSR;0;20231
706-PDA;0;20231
706-AGR;0;20231
706-ASK;0;20231
706-HNO;0;20231
706-BFR-1;0;20231
706-BFR-2;0;20231
706-DEX;0;20231
706-KAN;0;20231
706-FEE;0;20231
706-MKP;0;20231
706-ASF;0;20231
706-MGS;0;20231
706-CUS;0;20231
706-ZNS;0;20231
706-HBO;0;20231
706-AHM;0;20231
706-ASS;0;20231
706-NAA;0;20231
706-PPM;0;20231
706-NOH;0;20231
706-CAA;0;20231
706-BAG;0;20231
706-SUC;0;20231
706-IBA;0;20231
706-KCL;0;20231
706-AAG;0;20231
706-AAS;0;20231
706-PAC;0;20231
706-CAM;0;20231
706-LGL;0;20231
706-MER;0;20231
706-IAA;0;20231
706-HAK;0;20231
706-KOH;0;20231
706-BBA;0;20231
706-BUB;0;20231
706-BKT;0;20231
706-BBK;50000;20231
706-BBT;150;20231
706-PLY;0;20231
706-BTR;0;20231
706-KPS;0;20231
706-KRG;0;20231
706-GLM;0;20231
706-BTN;150;20231
706-BTA;150000;20231
706-PPK-3;58000;20231
706-PES;30000;20231
706-BHK;50000;20231
706-MBK;20;20231
706-MJM;20;20231
706-BMM;40;20231
706-BFG;40;20231
706-MTN;150;20231
706-ABM;40;20231
706-HER;40;20231
706-ICR;30;20231
706-INM;30000;20231
706-PPK-4;0;20231
706-PPK-5;0;20231
706-BJV;0;20231
706-BCV;0;20231
706-BKP;0;20231
706-BKA;0;20231
706-BKU;0;20231
706-BSA;0;20231
706-BML;0;20231
706-BRS;0;20231
706-TRA;0;20231
706-PPU-1;0;20231
706-PPU-2;0;20231
706-ZIP;0;20231
706-PKK;0;20231
706-FUN;0;20231
706-FUR;0;20231
706-BKI;0;20231
706-BKH;0;20231
706-BSY;0;20231
706-AMP;0;20231
706-GUN;0;20231
706-CUP;0;20231
706-BBG;0;20231
706-BBB;0;20231
706-BLD;0;20231
706-ZPT;0;20231
706-BPS;0;20231
706-BPP;0;20231
706-SEL;0;20231
706-BUJ;0;20231
706-BAL;0;20231
706-BKM;0;20231
706-BMG;0;20231
706-AOL;0;20231
706-TRI;0;20231
706-BEE;0;20231
706-BPI;0;20231
706-BJU;0;20231
706-GLU;0;20232
706-HCL;0;20232
706-PHP;0;20232
706-MNS;0;20232
706-MTL;0;20232
706-CCH;0;20232
706-WPM;0;20232
706-ALK;1000;20232
706-MMS;0;20232
706-DCA;0;20232
706-KNO;0;20232
706-CNO;0;20232
706-BES;0;20232
706-MNP;0;20232
706-KSO;0;20232
706-AEN;0;20232
706-MAG;0;20232
706-MAN;0;20232
706-TCU;0;20232
706-SZN;0;20232
706-ISO;0;20232
706-AMO;0;20232
706-IOD;0;20232
706-MET;0;20232
706-EOS;0;20232
706-AQU;0;20232
706-BAP;0;20232
706-PRO;0;20232
706-PHD;2;20232
706-TIS;0;20232
706-TER;0;20232
706-LBK;10;20232
706-DET;0;20232
706-DED;0;20232
706-BKG;1000;20232
706-BBD;0;20232
706-BBY;1000;20232
706-BBM;0;20232
706-BSL;0;20232
706-BMN;2000;20232
706-BMH;0;20232
706-BSD;2000;20232
706-BCR;3000;20232
706-BSW;2000;20232
706-BPC;2000;20232
706-BSM;0;20232
706-BTM;0;20232
706-BKK;0;20232
706-BBC;2000;20232
706-BTC;0;20232
706-BCB;0;20232
706-BJM;2000;20232
706-KMG;0;20232
706-TSP;3000;20232
706-PPK-1;20;20232
706-TNH;0;20232
706-CCP;0;20232
706-SBK;0;20232
706-KSC;0;20232
706-TOB;0;20232
706-MJK;0;20232
706-GUA;0;20232
706-GAB;0;20232
706-PHU;0;20232
706-PPK-2;0;20232
706-KSR;0;20232
706-PDA;0;20232
706-AGR;0;20232
706-ASK;0;20232
706-HNO;0;20232
706-BFR-1;0;20232
706-BFR-2;0;20232
706-DEX;0;20232
706-KAN;0;20232
706-FEE;0;20232
706-MKP;0;20232
706-ASF;0;20232
706-MGS;1000;20232
706-CUS;0;20232
706-ZNS;0;20232
706-HBO;0;20232
706-AHM;0;20232
706-ASS;0;20232
706-NAA;0;20232
706-PPM;0;20232
706-NOH;0;20232
706-CAA;0;20232
706-BAG;0;20232
706-SUC;0;20232
706-IBA;0;20232
706-KCL;3000;20232
706-AAG;0;20232
706-AAS;0;20232
706-PAC;0;20232
706-CAM;0;20232
706-LGL;0;20232
706-MER;0;20232
706-IAA;0;20232
706-HAK;0;20232
706-KOH;0;20232
706-BBA;0;20232
706-BUB;0;20232
706-BKT;0;20232
706-BBK;0;20232
706-BBT;0;20232
706-PLY;10;20232
706-BTR;5;20232
706-KPS;0;20232
706-KRG;0;20232
706-GLM;0;20232
706-BTN;0;20232
706-BTA;0;20232
706-PPK-3;10000;20232
706-PES;0;20232
706-BHK;0;20232
706-MBK;0;20232
706-MJM;0;20232
706-BMM;0;20232
706-BFG;0;20232
706-MTN;0;20232
706-ABM;0;20232
706-HER;0;20232
706-ICR;20;20232
706-INM;0;20232
706-PPK-4;5000;20232
706-PPK-5;5000;20232
706-BJV;4000;20232
706-BCV;4000;20232
706-BKP;1000;20232
706-BKA;1000;20232
706-BKU;1000;20232
706-BSA;2000;20232
706-BML;2000;20232
706-BRS;4000;20232
706-TRA;3;20232
706-PPU-1;2;20232
706-PPU-2;4;20232
706-ZIP;1;20232
706-PKK;12;20232
706-FUN;1;20232
706-FUR;4000;20232
706-BKI;1000;20232
706-BKH;2000;20232
706-BSY;5;20232
706-AMP;1;20232
706-GUN;6;20232
706-CUP;0;20232
706-BBG;0;20232
706-BBB;0;20232
706-BLD;0;20232
706-ZPT;0;20232
706-BPS;0;20232
706-BPP;0;20232
706-SEL;0;20232
706-BUJ;0;20232
706-BAL;0;20232
706-BKM;0;20232
706-BMG;0;20232
706-AOL;0;20232
706-TRI;0;20232
706-BEE;0;20232
706-BPI;0;20232
706-BJU;0;20232
706-GLU;1000;20241
706-HCL;0;20241
706-PHP;0;20241
706-MNS;0;20241
706-MTL;0;20241
706-CCH;0;20241
706-WPM;0;20241
706-ALK;10000;20241
706-MMS;0;20241
706-DCA;0;20241
706-KNO;0;20241
706-CNO;0;20241
706-BES;0;20241
706-MNP;0;20241
706-KSO;0;20241
706-AEN;0;20241
706-MAG;0;20241
706-MAN;0;20241
706-TCU;0;20241
706-SZN;0;20241
706-ISO;0;20241
706-AMO;0;20241
706-IOD;0;20241
706-MET;0;20241
706-EOS;0;20241
706-AQU;10000;20241
706-BAP;0;20241
706-PRO;0;20241
706-PHD;0;20241
706-TIS;2;20241
706-TER;0;20241
706-LBK;0;20241
706-DET;0;20241
706-DED;0;20241
706-BKG;0;20241
706-BBD;0;20241
706-BBY;0;20241
706-BBM;0;20241
706-BSL;0;20241
706-BMN;0;20241
706-BMH;0;20241
706-BSD;1000;20241
706-BCR;1000;20241
706-BSW;0;20241
706-BPC;1000;20241
706-BSM;0;20241
706-BTM;2000;20241
706-BKK;0;20241
706-BBC;0;20241
706-BTC;0;20241
706-BCB;0;20241
706-BJM;0;20241
706-KMG;0;20241
706-TSP;4000;20241
706-PPK-1;20;20241
706-TNH;0;20241
706-CCP;25000;20241
706-SBK;0;20241
706-KSC;0;20241
706-TOB;0;20241
706-MJK;0;20241
706-GUA;0;20241
706-GAB;0;20241
706-PHU;0;20241
706-PPK-2;0;20241
706-KSR;5;20241
706-PDA;0;20241
706-AGR;0;20241
706-ASK;25000;20241
706-HNO;0;20241
706-BFR-1;0;20241
706-BFR-2;0;20241
706-DEX;0;20241
706-KAN;0;20241
706-FEE;0;20241
706-MKP;0;20241
706-ASF;0;20241
706-MGS;0;20241
706-CUS;0;20241
706-ZNS;0;20241
706-HBO;0;20241
706-AHM;0;20241
706-ASS;0;20241
706-NAA;0;20241
706-PPM;0;20241
706-NOH;0;20241
706-CAA;0;20241
706-BAG;0;20241
706-SUC;0;20241
706-IBA;0;20241
706-KCL;4000;20241
706-AAG;0;20241
706-AAS;0;20241
706-PAC;0;20241
706-CAM;0;20241
706-LGL;100;20241
706-MER;0;20241
706-IAA;0;20241
706-HAK;0;20241
706-KOH;0;20241
706-BBA;0;20241
706-BUB;2000;20241
706-BKT;1500;20241
706-BBK;0;20241
706-BBT;0;20241
706-PLY;0;20241
706-BTR;0;20241
706-KPS;0;20241
706-KRG;0;20241
706-GLM;0;20241
706-BTN;0;20241
706-BTA;0;20241
706-PPK-3;8000;20241
706-PES;0;20241
706-BHK;0;20241
706-MBK;0;20241
706-MJM;0;20241
706-BMM;0;20241
706-BFG;0;20241
706-MTN;0;20241
706-ABM;0;20241
706-HER;0;20241
706-ICR;0;20241
706-INM;0;20241
706-PPK-4;10000;20241
706-PPK-5;4000;20241
706-BJV;0;20241
706-BCV;0;20241
706-BKP;0;20241
706-BKA;0;20241
706-BKU;0;20241
706-BSA;0;20241
706-BML;0;20241
706-BRS;0;20241
706-TRA;0;20241
706-PPU-1;2;20241
706-PPU-2;2;20241
706-ZIP;0;20241
706-PKK;1;20241
706-FUN;0;20241
706-FUR;0;20241
706-BKI;1000;20241
706-BKH;0;20241
706-BSY;0;20241
706-AMP;0;20241
706-GUN;0;20241
706-CUP;5;20241
706-BBG;2500;20241
706-BBB;1500;20241
706-BLD;50;20241
706-ZPT;2;20241
706-BPS;8000;20241
706-BPP;6000;20241
706-SEL;50;20241
706-BUJ;2000;20241
706-BAL;1000;20241
706-BKM;1000;20241
706-BMG;2000;20241
706-AOL;1000;20241
706-TRI;100;20241
706-BEE;250;20241
706-BPI;2000;20241
706-BJU;2000;20241
