rencana_id;product_code;stok;kebutuhan;created_at;updated_at
1;706-GLU;0;1000;01/01/2021;01/01/2021
1;706-HCL;0;1000;01/01/2021;01/01/2021
1;706-PHP;0;500;01/01/2021;01/01/2021
1;706-MNS;0;250;01/01/2021;01/01/2021
1;706-MTL-1;0;6000;01/01/2021;01/01/2021
1;706-CCH;0;25;01/01/2021;01/01/2021
1;706-WPM;0;1000;01/01/2021;01/01/2021
1;706-ALK-1;0;30000;01/01/2021;01/01/2021
1;706-MKJ;0;50000;01/01/2021;01/01/2021
1;706-DCA;250;135;01/01/2021;01/01/2021
1;706-KNO;0;4000;01/01/2021;01/01/2021
1;706-CNO;0;4000;01/01/2021;01/01/2021
1;706-FEB;0;100;01/01/2021;01/01/2021
1;706-MNP;0;4000;01/01/2021;01/01/2021
1;706-KSO;0;1000;01/01/2021;01/01/2021
1;706-AEN;0;4000;01/01/2021;01/01/2021
1;706-MGM;0;4000;01/01/2021;01/01/2021
1;706-MNG;0;1000;01/01/2021;01/01/2021
1;706-CUP;0;4000;01/01/2021;01/01/2021
1;706-ZNC;0;4000;01/01/2021;01/01/2021
1;706-ISO;0;4000;01/01/2021;01/01/2021
1;706-AMO;0;30;01/01/2021;01/01/2021
1;706-PIS;0;1000;01/01/2021;01/01/2021
1;706-IOD;0;125;01/01/2021;01/01/2021
1;706-MTH;0;500;01/01/2021;01/01/2021
1;706-EOS;0;500;01/01/2021;01/01/2021
1;706-AQU;0;10000;01/01/2021;01/01/2021
1;706-BEN;0;20;01/01/2021;01/01/2021
1;706-PRO;0;2500;01/01/2021;01/01/2021
1;706-MBS;4000;4000;01/01/2021;01/01/2021
1;706-BKN-1;0;1000;01/01/2021;01/01/2021
1;706-DET;0;900;01/01/2021;01/01/2021
1;706-DDK;0;1000;01/01/2021;01/01/2021
1;706-BBD;0;10;01/01/2021;01/01/2021
1;706-BBY-1;0;25;01/01/2021;01/01/2021
1;706-BBY-2;0;50;01/01/2021;01/01/2021
1;706-BSL-1;0;250;01/01/2021;01/01/2021
1;706-BTM-1;0;500;01/01/2021;01/01/2021
1;706-BTM-2;0;250;01/01/2021;01/01/2021
1;706-BLC-1;0;15;01/01/2021;01/01/2021
1;706-BCB-1;0;10;01/01/2021;01/01/2021
1;706-BCM-1;0;25;01/01/2021;01/01/2021
1;706-BPC-1;0;25;01/01/2021;01/01/2021
1;706-BLC-2;0;10;01/01/2021;01/01/2021
1;706-BTT-1;0;10;01/01/2021;01/01/2021
1;706-BBC-1;0;20;01/01/2021;01/01/2021
1;706-BBS-1;0;100;01/01/2021;01/01/2021
1;706-BTT-2;0;25;01/01/2021;01/01/2021
1;706-BCB-2;0;25;01/01/2021;01/01/2021
1;706-BJG-1;0;250;01/01/2021;01/01/2021
1;706-BKM-1;0;250;01/01/2021;01/01/2021
1;706-TSP;0;1000;01/01/2021;01/01/2021
1;706-PPK-1;0;1;01/01/2021;01/01/2021
1;706-BTT-3;0;1;01/01/2021;01/01/2021
1;706-BTT-4;0;1;01/01/2021;01/01/2021
1;706-BJG-2;0;1;01/01/2021;01/01/2021
1;706-TNH-1;0;1;01/01/2021;01/01/2021
1;706-CCP;0;1;01/01/2021;01/01/2021
1;706-SKB;0;1;01/01/2021;01/01/2021
1;706-PPK-2;0;700;01/01/2021;01/01/2021
1;706-PPK-3;0;400;01/01/2021;01/01/2021
1;706-TOB;0;1;01/01/2021;01/01/2021
1;706-PPK-4;0;0;01/01/2021;01/01/2021
1;706-TNH-2;0;0;01/01/2021;01/01/2021
1;706-KAF;0;0;01/01/2021;01/01/2021
1;706-FSW;0;0;01/01/2021;01/01/2021
1;706-LFX;0;0;01/01/2021;01/01/2021
1;706-MDM;0;0;01/01/2021;01/01/2021
1;706-AGR;0;0;01/01/2021;01/01/2021
1;706-DPX;0;0;01/01/2021;01/01/2021
1;706-PLS-1;0;0;01/01/2021;01/01/2021
1;706-BTN-1;0;0;01/01/2021;01/01/2021
1;706-BTN-2;0;0;01/01/2021;01/01/2021
1;706-BTN-3;0;0;01/01/2021;01/01/2021
1;706-KRS-1;0;0;01/01/2021;01/01/2021
1;706-AGR-2;0;0;01/01/2021;01/01/2021
1;706-AGR-3;0;0;01/01/2021;01/01/2021
1;706-ARG-1;0;0;01/01/2021;01/01/2021
1;706-ALK-2;0;0;01/01/2021;01/01/2021
1;706-HNO;0;0;01/01/2021;01/01/2021
1;706-BFR-1;0;0;01/01/2021;01/01/2021
1;706-BFR-2;0;0;01/01/2021;01/01/2021
1;706-DXT;0;0;01/01/2021;01/01/2021
1;706-SPR;0;0;01/01/2021;01/01/2021
1;706-PPK-5;0;0;01/01/2021;01/01/2021
1;706-CLX;0;0;01/01/2021;01/01/2021
1;706-MNA;0;0;01/01/2021;01/01/2021
1;706-KAM;0;0;01/01/2021;01/01/2021
1;706-FEE;0;0;01/01/2021;01/01/2021
1;706-MKP;0;0;01/01/2021;01/01/2021
1;706-AMS;0;0;01/01/2021;01/01/2021
1;706-MGS;0;0;01/01/2021;01/01/2021
1;706-CUS;0;0;01/01/2021;01/01/2021
1;706-ZNS;0;0;01/01/2021;01/01/2021
1;706-ASB;0;0;01/01/2021;01/01/2021
1;706-AHM;0;0;01/01/2021;01/01/2021
1;706-PRP;0;0;01/01/2021;01/01/2021
1;706-SLG;0;0;01/01/2021;01/01/2021
1;706-LNL;0;0;01/01/2021;01/01/2021
1;706-VSL;0;0;01/01/2021;01/01/2021
1;706-IAA;0;0;01/01/2021;01/01/2021
1;706-GA3;0;0;01/01/2021;01/01/2021
1;706-AAS;0;0;01/01/2021;01/01/2021
1;706-NAA;0;0;01/01/2021;01/01/2021
1;706-PPM;0;0;01/01/2021;01/01/2021
1;706-NMH;0;0;01/01/2021;01/01/2021
1;706-ARG-2;0;0;01/01/2021;01/01/2021
1;706-BAG;0;0;01/01/2021;01/01/2021
1;706-FAT;0;0;01/01/2021;01/01/2021
1;706-SUC;0;0;01/01/2021;01/01/2021
1;706-IBA;0;0;01/01/2021;01/01/2021
1;706-KCL;0;0;01/01/2021;01/01/2021
1;706-AAG;0;0;01/01/2021;01/01/2021
1;706-AAT;0;0;01/01/2021;01/01/2021
1;706-PAC;0;0;01/01/2021;01/01/2021
1;706-CAM;0;0;01/01/2021;01/01/2021
1;706-TKL;0;0;01/01/2021;01/01/2021
1;706-KOH;0;0;01/01/2021;01/01/2021
1;706-BSS;0;0;01/01/2021;01/01/2021
1;706-BBG;0;0;01/01/2021;01/01/2021
1;706-UBI;0;0;01/01/2021;01/01/2021
1;706-PTT;0;0;01/01/2021;01/01/2021
1;706-BBR-1;0;0;01/01/2021;01/01/2021
1;706-PLS-2;0;0;01/01/2021;01/01/2021
1;706-BBK;0;0;01/01/2021;01/01/2021
1;706-BBT;0;0;01/01/2021;01/01/2021
1;706-POL-1;0;0;01/01/2021;01/01/2021
1;706-BBR-2;0;0;01/01/2021;01/01/2021
1;706-PFT;0;0;01/01/2021;01/01/2021
1;706-PDS;0;0;01/01/2021;01/01/2021
1;706-KRG;0;0;01/01/2021;01/01/2021
1;706-GLM;0;0;01/01/2021;01/01/2021
1;706-ALK-3;0;0;01/01/2021;01/01/2021
1;706-BTM;0;0;01/01/2021;01/01/2021
1;706-BHT;0;0;01/01/2021;01/01/2021
1;706-PPK-6;0;25000;01/01/2021;01/01/2021
1;706-PPK-7;0;0;01/01/2021;01/01/2021
1;706-PPK-8;0;0;01/01/2021;01/01/2021
1;706-BHK;0;0;01/01/2021;01/01/2021
1;706-ATK;0;0;01/01/2021;01/01/2021
1;706-MBK;0;0;01/01/2021;01/01/2021
1;706-MJM;0;0;01/01/2021;01/01/2021
1;706-BMM;0;0;01/01/2021;01/01/2021
1;706-BFG;0;0;01/01/2021;01/01/2021
1;706-MTM;0;0;01/01/2021;01/01/2021
1;706-ABM;0;0;01/01/2021;01/01/2021
1;706-HER;0;0;01/01/2021;01/01/2021
1;706-INC;0;0;01/01/2021;01/01/2021
1;706-JSR;0;0;01/01/2021;01/01/2021
1;706-PET;0;0;01/01/2021;01/01/2021
1;706-INM;0;0;01/01/2021;01/01/2021
1;706-PPK-9;0;0;01/01/2021;01/01/2021
1;706-PPK-10;0;0;01/01/2021;01/01/2021
1;706-PON;0;0;01/01/2021;01/01/2021
1;706-BJG-3;0;0;01/01/2021;01/01/2021
1;706-BJG-4;0;0;01/01/2021;01/01/2021
1;706-BCB-3;0;0;01/01/2021;01/01/2021
1;706-BCB-4;0;0;01/01/2021;01/01/2021
1;706-BBY-3;0;0;01/01/2021;01/01/2021
1;706-BKP;0;0;01/01/2021;01/01/2021
1;706-SAW;0;0;01/01/2021;01/01/2021
1;706-BLC-3;0;0;01/01/2021;01/01/2021
1;706-BTM-3;0;0;01/01/2021;01/01/2021
1;706-BKN-2;0;0;01/01/2021;01/01/2021
1;706-BKAY;0;0;01/01/2021;01/01/2021
1;706-BBS-2;0;0;01/01/2021;01/01/2021
1;706-BPC-2;0;0;01/01/2021;01/01/2021
1;706-BKB-1;0;0;01/01/2021;01/01/2021
1;706-BSM-1;0;0;01/01/2021;01/01/2021
1;706-BML-1;0;0;01/01/2021;01/01/2021
1;706-BRS-1;0;0;01/01/2021;01/01/2021
1;706-TRS-1;0;0;01/01/2021;01/01/2021
1;706-PLS-3;0;0;01/01/2021;01/01/2021
1;706-PLS-4;0;0;01/01/2021;01/01/2021
1;706-PLS-5;0;0;01/01/2021;01/01/2021
1;706-PLS-6;0;32;01/01/2021;01/01/2021
1;706-CUR;0;0;01/01/2021;01/01/2021
1;706-FUA;0;0;01/01/2021;01/01/2021
1;706-FUR;0;0;01/01/2021;01/01/2021
1;706-BKK-1;0;0;01/01/2021;01/01/2021
1;706-BKH-1;0;0;01/01/2021;01/01/2021
1;706-AMP;0;0;01/01/2021;01/01/2021
1;706-PLS-7;0;0;01/01/2021;01/01/2021
1;706-PBB;0;0;01/01/2021;01/01/2021
1;706-GLU;900;0;01/07/2021;01/07/2021
1;706-HCL;530;0;01/07/2021;01/07/2021
1;706-PHP;450;0;01/07/2021;01/07/2021
1;706-MNS;225;0;01/07/2021;01/07/2021
1;706-MTL-1;3500;0;01/07/2021;01/07/2021
1;706-CCH;10;0;01/07/2021;01/07/2021
1;706-WPM;650;0;01/07/2021;01/07/2021
1;706-ALK-1;17000;0;01/07/2021;01/07/2021
1;706-MKJ;24600;0;01/07/2021;01/07/2021
1;706-DCA;115;0;01/07/2021;01/07/2021
1;706-KNO;2800;0;01/07/2021;01/07/2021
1;706-CNO;2550;0;01/07/2021;01/07/2021
1;706-FEB;52;0;01/07/2021;01/07/2021
1;706-MNP;2520;0;01/07/2021;01/07/2021
1;706-KSO;780;0;01/07/2021;01/07/2021
1;706-AEN;1250;0;01/07/2021;01/07/2021
1;706-MGM;1900;0;01/07/2021;01/07/2021
1;706-MNG;320;0;01/07/2021;01/07/2021
1;706-CUP;1360;0;01/07/2021;01/07/2021
1;706-ZNC;1100;0;01/07/2021;01/07/2021
1;706-ISO;2050;0;01/07/2021;01/07/2021
1;706-AMO;16;0;01/07/2021;01/07/2021
1;706-PIS;490;0;01/07/2021;01/07/2021
1;706-IOD;80;0;01/07/2021;01/07/2021
1;706-MTH;290;0;01/07/2021;01/07/2021
1;706-EOS;330;0;01/07/2021;01/07/2021
1;706-AQU;4800;0;01/07/2021;01/07/2021
1;706-BEN;12;0;01/07/2021;01/07/2021
1;706-PRO;1020;0;01/07/2021;01/07/2021
1;706-MBS;0;0;01/07/2021;01/07/2021
1;706-BKN-1;570;250;01/07/2021;01/07/2021
1;706-DET;550;550;01/07/2021;01/07/2021
1;706-DDK;320;320;01/07/2021;01/07/2021
1;706-BBD;0;50;01/07/2021;01/07/2021
1;706-BBY-1;0;50;01/07/2021;01/07/2021
1;706-BBY-2;0;50;01/07/2021;01/07/2021
1;706-BSL-1;0;50;01/07/2021;01/07/2021
1;706-BTM-1;200;50;01/07/2021;01/07/2021
1;706-BTM-2;0;250;01/07/2021;01/07/2021
1;706-BLC-1;0;250;01/07/2021;01/07/2021
1;706-BCB-1;0;250;01/07/2021;01/07/2021
1;706-BCM-1;0;250;01/07/2021;01/07/2021
1;706-BPC-1;0;250;01/07/2021;01/07/2021
1;706-BLC-2;0;250;01/07/2021;01/07/2021
1;706-BTT-1;0;250;01/07/2021;01/07/2021
1;706-BBC-1;10;250;01/07/2021;01/07/2021
1;706-BBS-1;40;250;01/07/2021;01/07/2021
1;706-BTT-2;0;250;01/07/2021;01/07/2021
1;706-BCB-2;0;250;01/07/2021;01/07/2021
1;706-BJG-1;0;250;01/07/2021;01/07/2021
1;706-BKM-1;0;250;01/07/2021;01/07/2021
1;706-TSP;0;2000;01/07/2021;01/07/2021
1;706-PPK-1;0;6;01/07/2021;01/07/2021
1;706-BTT-3;0;0;01/07/2021;01/07/2021
1;706-BTT-4;0;0;01/07/2021;01/07/2021
1;706-BJG-2;0;0;01/07/2021;01/07/2021
1;706-TNH-1;0;30;01/07/2021;01/07/2021
1;706-CCP;0;5;01/07/2021;01/07/2021
1;706-SKB;0;5;01/07/2021;01/07/2021
1;706-PPK-2;0;700;01/07/2021;01/07/2021
1;706-PPK-3;0;400;01/07/2021;01/07/2021
1;706-TOB;0;2;01/07/2021;01/07/2021
1;706-PPK-4;0;24;01/07/2021;01/07/2021
1;706-TNH-2;0;20;01/07/2021;01/07/2021
1;706-KAF;0;1;01/07/2021;01/07/2021
1;706-FSW;0;1;01/07/2021;01/07/2021
1;706-LFX;0;1;01/07/2021;01/07/2021
1;706-MDM;0;1;01/07/2021;01/07/2021
1;706-AGR;0;7;01/07/2021;01/07/2021
1;706-DPX;0;7;01/07/2021;01/07/2021
1;706-PLS-1;0;15;01/07/2021;01/07/2021
1;706-BTN-1;0;1;01/07/2021;01/07/2021
1;706-BTN-2;0;1;01/07/2021;01/07/2021
1;706-BTN-3;0;1;01/07/2021;01/07/2021
1;706-KRS-1;0;1;01/07/2021;01/07/2021
1;706-AGR-2;0;1;01/07/2021;01/07/2021
1;706-AGR-3;0;1000;01/07/2021;01/07/2021
1;706-ARG-1;0;5;01/07/2021;01/07/2021
1;706-ALK-2;0;0;01/07/2021;01/07/2021
1;706-HNO;0;0;01/07/2021;01/07/2021
1;706-BFR-1;0;0;01/07/2021;01/07/2021
1;706-BFR-2;0;0;01/07/2021;01/07/2021
1;706-DXT;0;0;01/07/2021;01/07/2021
1;706-SPR;0;0;01/07/2021;01/07/2021
1;706-PPK-5;0;0;01/07/2021;01/07/2021
1;706-CLX;0;0;01/07/2021;01/07/2021
1;706-MNA;0;0;01/07/2021;01/07/2021
1;706-KAM;0;0;01/07/2021;01/07/2021
1;706-FEE;0;0;01/07/2021;01/07/2021
1;706-MKP;0;0;01/07/2021;01/07/2021
1;706-AMS;0;0;01/07/2021;01/07/2021
1;706-MGS;0;0;01/07/2021;01/07/2021
1;706-CUS;0;0;01/07/2021;01/07/2021
1;706-ZNS;0;0;01/07/2021;01/07/2021
1;706-ASB;0;0;01/07/2021;01/07/2021
1;706-AHM;0;0;01/07/2021;01/07/2021
1;706-PRP;0;0;01/07/2021;01/07/2021
1;706-SLG;0;0;01/07/2021;01/07/2021
1;706-LNL;0;0;01/07/2021;01/07/2021
1;706-VSL;0;0;01/07/2021;01/07/2021
1;706-IAA;0;0;01/07/2021;01/07/2021
1;706-GA3;0;0;01/07/2021;01/07/2021
1;706-AAS;0;0;01/07/2021;01/07/2021
1;706-NAA;0;0;01/07/2021;01/07/2021
1;706-PPM;0;0;01/07/2021;01/07/2021
1;706-NMH;0;0;01/07/2021;01/07/2021
1;706-ARG-2;0;0;01/07/2021;01/07/2021
1;706-BAG;0;0;01/07/2021;01/07/2021
1;706-FAT;0;0;01/07/2021;01/07/2021
1;706-SUC;0;0;01/07/2021;01/07/2021
1;706-IBA;0;0;01/07/2021;01/07/2021
1;706-KCL;0;0;01/07/2021;01/07/2021
1;706-AAG;0;0;01/07/2021;01/07/2021
1;706-AAT;0;0;01/07/2021;01/07/2021
1;706-PAC;0;0;01/07/2021;01/07/2021
1;706-CAM;0;0;01/07/2021;01/07/2021
1;706-TKL;0;0;01/07/2021;01/07/2021
1;706-KOH;0;0;01/07/2021;01/07/2021
1;706-BSS;0;0;01/07/2021;01/07/2021
1;706-BBG;0;0;01/07/2021;01/07/2021
1;706-UBI;0;0;01/07/2021;01/07/2021
1;706-PTT;0;0;01/07/2021;01/07/2021
1;706-BBR-1;0;0;01/07/2021;01/07/2021
1;706-PLS-2;0;0;01/07/2021;01/07/2021
1;706-BBK;0;0;01/07/2021;01/07/2021
1;706-BBT;0;0;01/07/2021;01/07/2021
1;706-POL-1;0;2;01/07/2021;01/07/2021
1;706-BBR-2;0;0;01/07/2021;01/07/2021
1;706-PFT;0;0;01/07/2021;01/07/2021
1;706-PDS;0;0;01/07/2021;01/07/2021
1;706-KRG;0;0;01/07/2021;01/07/2021
1;706-GLM;0;0;01/07/2021;01/07/2021
1;706-ALK-3;0;0;01/07/2021;01/07/2021
1;706-BTM;0;0;01/07/2021;01/07/2021
1;706-BHT;0;0;01/07/2021;01/07/2021
1;706-PPK-6;0;60000;01/07/2021;01/07/2021
1;706-PPK-7;0;0;01/07/2021;01/07/2021
1;706-PPK-8;0;0;01/07/2021;01/07/2021
1;706-BHK;0;0;01/07/2021;01/07/2021
1;706-ATK;0;0;01/07/2021;01/07/2021
1;706-MBK;0;0;01/07/2021;01/07/2021
1;706-MJM;0;0;01/07/2021;01/07/2021
1;706-BMM;0;0;01/07/2021;01/07/2021
1;706-BFG;0;0;01/07/2021;01/07/2021
1;706-MTM;0;0;01/07/2021;01/07/2021
1;706-ABM;0;0;01/07/2021;01/07/2021
1;706-HER;0;0;01/07/2021;01/07/2021
1;706-INC;0;0;01/07/2021;01/07/2021
1;706-JSR;0;0;01/07/2021;01/07/2021
1;706-PET;0;0;01/07/2021;01/07/2021
1;706-INM;0;0;01/07/2021;01/07/2021
1;706-PPK-9;0;0;01/07/2021;01/07/2021
1;706-PPK-10;0;0;01/07/2021;01/07/2021
1;706-PON;0;0;01/07/2021;01/07/2021
1;706-BJG-3;0;0;01/07/2021;01/07/2021
1;706-BJG-4;0;0;01/07/2021;01/07/2021
1;706-BCB-3;0;0;01/07/2021;01/07/2021
1;706-BCB-4;0;0;01/07/2021;01/07/2021
1;706-BBY-3;0;0;01/07/2021;01/07/2021
1;706-BKP;0;0;01/07/2021;01/07/2021
1;706-SAW;0;0;01/07/2021;01/07/2021
1;706-BLC-3;0;0;01/07/2021;01/07/2021
1;706-BTM-3;0;0;01/07/2021;01/07/2021
1;706-BKN-2;0;0;01/07/2021;01/07/2021
1;706-BKAY;0;0;01/07/2021;01/07/2021
1;706-BBS-2;0;0;01/07/2021;01/07/2021
1;706-BPC-2;0;0;01/07/2021;01/07/2021
1;706-BKB-1;0;0;01/07/2021;01/07/2021
1;706-BSM-1;0;0;01/07/2021;01/07/2021
1;706-BML-1;0;0;01/07/2021;01/07/2021
1;706-BRS-1;0;0;01/07/2021;01/07/2021
1;706-TRS-1;0;0;01/07/2021;01/07/2021
1;706-PLS-3;0;0;01/07/2021;01/07/2021
1;706-PLS-4;0;0;01/07/2021;01/07/2021
1;706-PLS-5;0;0;01/07/2021;01/07/2021
1;706-PLS-6;0;0;01/07/2021;01/07/2021
1;706-CUR;0;0;01/07/2021;01/07/2021
1;706-FUA;0;0;01/07/2021;01/07/2021
1;706-FUR;0;0;01/07/2021;01/07/2021
1;706-BKK-1;0;0;01/07/2021;01/07/2021
1;706-BKH-1;0;0;01/07/2021;01/07/2021
1;706-AMP;0;0;01/07/2021;01/07/2021
1;706-PLS-7;0;0;01/07/2021;01/07/2021
1;706-PBB;0;0;01/07/2021;01/07/2021
1;706-GLU;800;0;01/01/2022;01/01/2022
1;706-HCL;420;0;01/01/2022;01/01/2022
1;706-PHP;400;0;01/01/2022;01/01/2022
1;706-MNS;210;200;01/01/2022;01/01/2022
1;706-MTL-1;0;0;01/01/2022;01/01/2022
1;706-CCH;0;0;01/01/2022;01/01/2022
1;706-WPM;0;0;01/01/2022;01/01/2022
1;706-ALK-1;15000;7000;01/01/2022;01/01/2022
1;706-MKJ;0;10000;01/01/2022;01/01/2022
1;706-DCA;0;250;01/01/2022;01/01/2022
1;706-KNO;1000;1000;01/01/2022;01/01/2022
1;706-CNO;1000;0;01/01/2022;01/01/2022
1;706-FEB;0;0;01/01/2022;01/01/2022
1;706-MNP;940;0;01/01/2022;01/01/2022
1;706-KSO;680;200;01/01/2022;01/01/2022
1;706-AEN;0;0;01/01/2022;01/01/2022
1;706-MGM;0;0;01/01/2022;01/01/2022
1;706-MNG;0;0;01/01/2022;01/01/2022
1;706-CUP;500;0;01/01/2022;01/01/2022
1;706-ZNC;0;0;01/01/2022;01/01/2022
1;706-ISO;0;0;01/01/2022;01/01/2022
1;706-AMO;0;0;01/01/2022;01/01/2022
1;706-PIS;0;0;01/01/2022;01/01/2022
1;706-IOD;50;1000;01/01/2022;01/01/2022
1;706-MTH;0;500;01/01/2022;01/01/2022
1;706-EOS;220;500;01/01/2022;01/01/2022
1;706-AQU;0;200000;01/01/2022;01/01/2022
1;706-BEN;7;2;01/01/2022;01/01/2022
1;706-PRO;0;0;01/01/2022;01/01/2022
1;706-MBS;0;0;01/01/2022;01/01/2022
1;706-BKN-1;0;0;01/01/2022;01/01/2022
1;706-DET;0;0;01/01/2022;01/01/2022
1;706-DDK;0;0;01/01/2022;01/01/2022
1;706-BBD;0;0;01/01/2022;01/01/2022
1;706-BBY-1;0;0;01/01/2022;01/01/2022
1;706-BBY-2;0;0;01/01/2022;01/01/2022
1;706-BSL-1;0;0;01/01/2022;01/01/2022
1;706-BTM-1;0;0;01/01/2022;01/01/2022
1;706-BTM-2;0;0;01/01/2022;01/01/2022
1;706-BLC-1;0;0;01/01/2022;01/01/2022
1;706-BCB-1;0;0;01/01/2022;01/01/2022
1;706-BCM-1;0;0;01/01/2022;01/01/2022
1;706-BPC-1;0;0;01/01/2022;01/01/2022
1;706-BLC-2;0;0;01/01/2022;01/01/2022
1;706-BTT-1;0;0;01/01/2022;01/01/2022
1;706-BBC-1;0;0;01/01/2022;01/01/2022
1;706-BBS-1;0;0;01/01/2022;01/01/2022
1;706-BTT-2;0;0;01/01/2022;01/01/2022
1;706-BCB-2;0;0;01/01/2022;01/01/2022
1;706-BJG-1;0;0;01/01/2022;01/01/2022
1;706-BKM-1;0;0;01/01/2022;01/01/2022
1;706-TSP;0;0;01/01/2022;01/01/2022
1;706-PPK-1;0;0;01/01/2022;01/01/2022
1;706-BTT-3;0;0;01/01/2022;01/01/2022
1;706-BTT-4;0;0;01/01/2022;01/01/2022
1;706-BJG-2;0;0;01/01/2022;01/01/2022
1;706-TNH-1;0;0;01/01/2022;01/01/2022
1;706-CCP;0;0;01/01/2022;01/01/2022
1;706-SKB;0;0;01/01/2022;01/01/2022
1;706-PPK-2;0;0;01/01/2022;01/01/2022
1;706-PPK-3;0;0;01/01/2022;01/01/2022
1;706-TOB;0;0;01/01/2022;01/01/2022
1;706-PPK-4;0;0;01/01/2022;01/01/2022
1;706-TNH-2;0;0;01/01/2022;01/01/2022
1;706-KAF;0;0;01/01/2022;01/01/2022
1;706-FSW;0;0;01/01/2022;01/01/2022
1;706-LFX;0;0;01/01/2022;01/01/2022
1;706-MDM;0;0;01/01/2022;01/01/2022
1;706-AGR;0;0;01/01/2022;01/01/2022
1;706-DPX;0;0;01/01/2022;01/01/2022
1;706-PLS-1;0;0;01/01/2022;01/01/2022
1;706-BTN-1;0;0;01/01/2022;01/01/2022
1;706-BTN-2;0;0;01/01/2022;01/01/2022
1;706-BTN-3;0;0;01/01/2022;01/01/2022
1;706-KRS-1;0;0;01/01/2022;01/01/2022
1;706-AGR-2;0;1;01/01/2022;01/01/2022
1;706-AGR-3;0;1000;01/01/2022;01/01/2022
1;706-ARG-1;0;0;01/01/2022;01/01/2022
1;706-ALK-2;0;12000;01/01/2022;01/01/2022
1;706-HNO;0;1000;01/01/2022;01/01/2022
1;706-BFR-1;0;250;01/01/2022;01/01/2022
1;706-BFR-2;0;250;01/01/2022;01/01/2022
1;706-DXT;0;1000;01/01/2022;01/01/2022
1;706-SPR;0;2000;01/01/2022;01/01/2022
1;706-PPK-5;0;1;01/01/2022;01/01/2022
1;706-CLX;0;3;01/01/2022;01/01/2022
1;706-MNA;0;1;01/01/2022;01/01/2022
1;706-KAM;0;2000;01/01/2022;01/01/2022
1;706-FEE;0;100;01/01/2022;01/01/2022
1;706-MKP;0;2000;01/01/2022;01/01/2022
1;706-AMS;0;2000;01/01/2022;01/01/2022
1;706-MGS;0;1000;01/01/2022;01/01/2022
1;706-CUS;0;200;01/01/2022;01/01/2022
1;706-ZNS;0;200;01/01/2022;01/01/2022
1;706-ASB;0;200;01/01/2022;01/01/2022
1;706-AHM;0;100;01/01/2022;01/01/2022
1;706-PRP;0;12;01/01/2022;01/01/2022
1;706-SLG;0;1;01/01/2022;01/01/2022
1;706-LNL;0;1;01/01/2022;01/01/2022
1;706-VSL;0;1;01/01/2022;01/01/2022
1;706-IAA;0;1;01/01/2022;01/01/2022
1;706-GA3;0;1;01/01/2022;01/01/2022
1;706-AAS;0;500;01/01/2022;01/01/2022
1;706-NAA;0;25;01/01/2022;01/01/2022
1;706-PPM;0;60;01/01/2022;01/01/2022
1;706-NMH;0;500;01/01/2022;01/01/2022
1;706-ARG-2;0;3000;01/01/2022;01/01/2022
1;706-BAG;0;1000;01/01/2022;01/01/2022
1;706-FAT;0;750;01/01/2022;01/01/2022
1;706-SUC;0;1000;01/01/2022;01/01/2022
1;706-IBA;0;5;01/01/2022;01/01/2022
1;706-KCL;0;1000;01/01/2022;01/01/2022
1;706-AAG;0;2;01/01/2022;01/01/2022
1;706-AAT;0;2;01/01/2022;01/01/2022
1;706-PAC;0;1;01/01/2022;01/01/2022
1;706-CAM;0;1;01/01/2022;01/01/2022
1;706-TKL;0;1;01/01/2022;01/01/2022
1;706-KOH;0;1;01/01/2022;01/01/2022
1;706-BSS;0;0;01/01/2022;01/01/2022
1;706-BBG;0;0;01/01/2022;01/01/2022
1;706-UBI;0;0;01/01/2022;01/01/2022
1;706-PTT;0;0;01/01/2022;01/01/2022
1;706-BBR-1;0;0;01/01/2022;01/01/2022
1;706-PLS-2;0;0;01/01/2022;01/01/2022
1;706-BBK;0;0;01/01/2022;01/01/2022
1;706-BBT;0;0;01/01/2022;01/01/2022
1;706-POL-1;0;0;01/01/2022;01/01/2022
1;706-BBR-2;0;0;01/01/2022;01/01/2022
1;706-PFT;0;0;01/01/2022;01/01/2022
1;706-PDS;0;0;01/01/2022;01/01/2022
1;706-KRG;0;0;01/01/2022;01/01/2022
1;706-GLM;0;0;01/01/2022;01/01/2022
1;706-ALK-3;0;0;01/01/2022;01/01/2022
1;706-BTM;0;0;01/01/2022;01/01/2022
1;706-BHT;0;0;01/01/2022;01/01/2022
1;706-PPK-6;0;0;01/01/2022;01/01/2022
1;706-PPK-7;0;0;01/01/2022;01/01/2022
1;706-PPK-8;0;0;01/01/2022;01/01/2022
1;706-BHK;0;0;01/01/2022;01/01/2022
1;706-ATK;0;0;01/01/2022;01/01/2022
1;706-MBK;0;0;01/01/2022;01/01/2022
1;706-MJM;0;0;01/01/2022;01/01/2022
1;706-BMM;0;0;01/01/2022;01/01/2022
1;706-BFG;0;0;01/01/2022;01/01/2022
1;706-MTM;0;0;01/01/2022;01/01/2022
1;706-ABM;0;0;01/01/2022;01/01/2022
1;706-HER;0;0;01/01/2022;01/01/2022
1;706-INC;0;0;01/01/2022;01/01/2022
1;706-JSR;0;0;01/01/2022;01/01/2022
1;706-PET;0;0;01/01/2022;01/01/2022
1;706-INM;0;0;01/01/2022;01/01/2022
1;706-PPK-9;0;0;01/01/2022;01/01/2022
1;706-PPK-10;0;0;01/01/2022;01/01/2022
1;706-PON;0;0;01/01/2022;01/01/2022
1;706-BJG-3;0;0;01/01/2022;01/01/2022
1;706-BJG-4;0;0;01/01/2022;01/01/2022
1;706-BCB-3;0;0;01/01/2022;01/01/2022
1;706-BCB-4;0;0;01/01/2022;01/01/2022
1;706-BBY-3;0;0;01/01/2022;01/01/2022
1;706-BKP;0;0;01/01/2022;01/01/2022
1;706-SAW;0;0;01/01/2022;01/01/2022
1;706-BLC-3;0;0;01/01/2022;01/01/2022
1;706-BTM-3;0;0;01/01/2022;01/01/2022
1;706-BKN-2;0;0;01/01/2022;01/01/2022
1;706-BKAY;0;0;01/01/2022;01/01/2022
1;706-BBS-2;0;0;01/01/2022;01/01/2022
1;706-BPC-2;0;0;01/01/2022;01/01/2022
1;706-BKB-1;0;0;01/01/2022;01/01/2022
1;706-BSM-1;0;0;01/01/2022;01/01/2022
1;706-BML-1;0;0;01/01/2022;01/01/2022
1;706-BRS-1;0;0;01/01/2022;01/01/2022
1;706-TRS-1;0;0;01/01/2022;01/01/2022
1;706-PLS-3;0;0;01/01/2022;01/01/2022
1;706-PLS-4;0;0;01/01/2022;01/01/2022
1;706-PLS-5;0;0;01/01/2022;01/01/2022
1;706-PLS-6;0;0;01/01/2022;01/01/2022
1;706-CUR;0;0;01/01/2022;01/01/2022
1;706-FUA;0;0;01/01/2022;01/01/2022
1;706-FUR;0;0;01/01/2022;01/01/2022
1;706-BKK-1;0;0;01/01/2022;01/01/2022
1;706-BKH-1;0;0;01/01/2022;01/01/2022
1;706-AMP;0;0;01/01/2022;01/01/2022
1;706-PLS-7;0;0;01/01/2022;01/01/2022
1;706-PBB;0;0;01/01/2022;01/01/2022
1;706-GLU;800;0;01/07/2022;01/07/2022
1;706-HCL;420;0;01/07/2022;01/07/2022
1;706-PHP;400;0;01/07/2022;01/07/2022
1;706-MNS;410;0;01/07/2022;01/07/2022
1;706-MTL-1;0;0;01/07/2022;01/07/2022
1;706-CCH;0;0;01/07/2022;01/07/2022
1;706-WPM;0;0;01/07/2022;01/07/2022
1;706-ALK-1;10000;0;01/07/2022;01/07/2022
1;706-MKJ;0;10000;01/07/2022;01/07/2022
1;706-DCA;0;100;01/07/2022;01/07/2022
1;706-KNO;2000;0;01/07/2022;01/07/2022
1;706-CNO;1000;0;01/07/2022;01/07/2022
1;706-FEB;0;0;01/07/2022;01/07/2022
1;706-MNP;940;0;01/07/2022;01/07/2022
1;706-KSO;880;0;01/07/2022;01/07/2022
1;706-AEN;0;0;01/07/2022;01/07/2022
1;706-MGM;0;0;01/07/2022;01/07/2022
1;706-MNG;0;0;01/07/2022;01/07/2022
1;706-CUP;500;0;01/07/2022;01/07/2022
1;706-ZNC;0;0;01/07/2022;01/07/2022
1;706-ISO;0;0;01/07/2022;01/07/2022
1;706-AMO;0;0;01/07/2022;01/07/2022
1;706-PIS;0;0;01/07/2022;01/07/2022
1;706-IOD;1050;0;01/07/2022;01/07/2022
1;706-MTH;500;0;01/07/2022;01/07/2022
1;706-EOS;720;0;01/07/2022;01/07/2022
1;706-AQU;0;0;01/07/2022;01/07/2022
1;706-BEN;9;2;01/07/2022;01/07/2022
1;706-PRO;0;0;01/07/2022;01/07/2022
1;706-MBS;0;0;01/07/2022;01/07/2022
1;706-BKN-1;0;0;01/07/2022;01/07/2022
1;706-DET;0;0;01/07/2022;01/07/2022
1;706-DDK;0;0;01/07/2022;01/07/2022
1;706-BBD;0;0;01/07/2022;01/07/2022
1;706-BBY-1;0;0;01/07/2022;01/07/2022
1;706-BBY-2;0;0;01/07/2022;01/07/2022
1;706-BSL-1;0;0;01/07/2022;01/07/2022
1;706-BTM-1;0;0;01/07/2022;01/07/2022
1;706-BTM-2;0;0;01/07/2022;01/07/2022
1;706-BLC-1;0;0;01/07/2022;01/07/2022
1;706-BCB-1;0;0;01/07/2022;01/07/2022
1;706-BCM-1;0;0;01/07/2022;01/07/2022
1;706-BPC-1;0;0;01/07/2022;01/07/2022
1;706-BLC-2;0;0;01/07/2022;01/07/2022
1;706-BTT-1;0;0;01/07/2022;01/07/2022
1;706-BBC-1;0;0;01/07/2022;01/07/2022
1;706-BBS-1;0;0;01/07/2022;01/07/2022
1;706-BTT-2;0;0;01/07/2022;01/07/2022
1;706-BCB-2;0;0;01/07/2022;01/07/2022
1;706-BJG-1;0;0;01/07/2022;01/07/2022
1;706-BKM-1;0;0;01/07/2022;01/07/2022
1;706-TSP;0;0;01/07/2022;01/07/2022
1;706-PPK-1;0;0;01/07/2022;01/07/2022
1;706-BTT-3;0;0;01/07/2022;01/07/2022
1;706-BTT-4;0;0;01/07/2022;01/07/2022
1;706-BJG-2;0;0;01/07/2022;01/07/2022
1;706-TNH-1;0;0;01/07/2022;01/07/2022
1;706-CCP;0;0;01/07/2022;01/07/2022
1;706-SKB;0;0;01/07/2022;01/07/2022
1;706-PPK-2;0;0;01/07/2022;01/07/2022
1;706-PPK-3;0;0;01/07/2022;01/07/2022
1;706-TOB;0;0;01/07/2022;01/07/2022
1;706-PPK-4;0;0;01/07/2022;01/07/2022
1;706-TNH-2;0;0;01/07/2022;01/07/2022
1;706-KAF;0;0;01/07/2022;01/07/2022
1;706-FSW;0;0;01/07/2022;01/07/2022
1;706-LFX;0;0;01/07/2022;01/07/2022
1;706-MDM;0;0;01/07/2022;01/07/2022
1;706-AGR;0;0;01/07/2022;01/07/2022
1;706-DPX;0;0;01/07/2022;01/07/2022
1;706-PLS-1;0;0;01/07/2022;01/07/2022
1;706-BTN-1;0;0;01/07/2022;01/07/2022
1;706-BTN-2;0;0;01/07/2022;01/07/2022
1;706-BTN-3;0;0;01/07/2022;01/07/2022
1;706-KRS-1;0;0;01/07/2022;01/07/2022
1;706-AGR-2;1;0;01/07/2022;01/07/2022
1;706-AGR-3;500;0;01/07/2022;01/07/2022
1;706-ARG-1;0;0;01/07/2022;01/07/2022
1;706-ALK-2;0;0;01/07/2022;01/07/2022
1;706-HNO;1000;0;01/07/2022;01/07/2022
1;706-BFR-1;100;0;01/07/2022;01/07/2022
1;706-BFR-2;250;0;01/07/2022;01/07/2022
1;706-DXT;500;0;01/07/2022;01/07/2022
1;706-SPR;0;0;01/07/2022;01/07/2022
1;706-PPK-5;0;0;01/07/2022;01/07/2022
1;706-CLX;0;0;01/07/2022;01/07/2022
1;706-MNA;1;0;01/07/2022;01/07/2022
1;706-KAM;2000;0;01/07/2022;01/07/2022
1;706-FEE;100;0;01/07/2022;01/07/2022
1;706-MKP;2000;0;01/07/2022;01/07/2022
1;706-AMS;2000;0;01/07/2022;01/07/2022
1;706-MGS;1000;0;01/07/2022;01/07/2022
1;706-CUS;200;0;01/07/2022;01/07/2022
1;706-ZNS;200;0;01/07/2022;01/07/2022
1;706-ASB;200;0;01/07/2022;01/07/2022
1;706-AHM;0;0;01/07/2022;01/07/2022
1;706-PRP;0;0;01/07/2022;01/07/2022
1;706-SLG;0;0;01/07/2022;01/07/2022
1;706-LNL;0;0;01/07/2022;01/07/2022
1;706-VSL;1;0;01/07/2022;01/07/2022
1;706-IAA;0;0;01/07/2022;01/07/2022
1;706-GA3;0;0;01/07/2022;01/07/2022
1;706-AAS;0;0;01/07/2022;01/07/2022
1;706-NAA;0;0;01/07/2022;01/07/2022
1;706-PPM;0;0;01/07/2022;01/07/2022
1;706-NMH;500;0;01/07/2022;01/07/2022
1;706-ARG-2;0;0;01/07/2022;01/07/2022
1;706-BAG;1000;0;01/07/2022;01/07/2022
1;706-FAT;750;0;01/07/2022;01/07/2022
1;706-SUC;1000;0;01/07/2022;01/07/2022
1;706-IBA;5;0;01/07/2022;01/07/2022
1;706-KCL;1000;0;01/07/2022;01/07/2022
1;706-AAG;2;0;01/07/2022;01/07/2022
1;706-AAT;2;0;01/07/2022;01/07/2022
1;706-PAC;1;0;01/07/2022;01/07/2022
1;706-CAM;1;0;01/07/2022;01/07/2022
1;706-TKL;1;0;01/07/2022;01/07/2022
1;706-KOH;1;0;01/07/2022;01/07/2022
1;706-BSS;0;0;01/07/2022;01/07/2022
1;706-BBG;0;0;01/07/2022;01/07/2022
1;706-UBI;0;0;01/07/2022;01/07/2022
1;706-PTT;0;0;01/07/2022;01/07/2022
1;706-BBR-1;0;0;01/07/2022;01/07/2022
1;706-PLS-2;0;0;01/07/2022;01/07/2022
1;706-BBK;0;0;01/07/2022;01/07/2022
1;706-BBT;0;0;01/07/2022;01/07/2022
1;706-POL-1;0;0;01/07/2022;01/07/2022
1;706-BBR-2;0;0;01/07/2022;01/07/2022
1;706-PFT;0;0;01/07/2022;01/07/2022
1;706-PDS;0;0;01/07/2022;01/07/2022
1;706-KRG;0;0;01/07/2022;01/07/2022
1;706-GLM;0;0;01/07/2022;01/07/2022
1;706-ALK-3;0;0;01/07/2022;01/07/2022
1;706-BTM;0;0;01/07/2022;01/07/2022
1;706-BHT;0;0;01/07/2022;01/07/2022
1;706-PPK-6;0;0;01/07/2022;01/07/2022
1;706-PPK-7;0;0;01/07/2022;01/07/2022
1;706-PPK-8;0;0;01/07/2022;01/07/2022
1;706-BHK;0;0;01/07/2022;01/07/2022
1;706-ATK;0;0;01/07/2022;01/07/2022
1;706-MBK;0;0;01/07/2022;01/07/2022
1;706-MJM;0;0;01/07/2022;01/07/2022
1;706-BMM;0;0;01/07/2022;01/07/2022
1;706-BFG;0;0;01/07/2022;01/07/2022
1;706-MTM;0;0;01/07/2022;01/07/2022
1;706-ABM;0;0;01/07/2022;01/07/2022
1;706-HER;0;0;01/07/2022;01/07/2022
1;706-INC;0;0;01/07/2022;01/07/2022
1;706-JSR;0;0;01/07/2022;01/07/2022
1;706-PET;0;0;01/07/2022;01/07/2022
1;706-INM;0;0;01/07/2022;01/07/2022
1;706-PPK-9;0;0;01/07/2022;01/07/2022
1;706-PPK-10;0;0;01/07/2022;01/07/2022
1;706-PON;0;0;01/07/2022;01/07/2022
1;706-BJG-3;0;0;01/07/2022;01/07/2022
1;706-BJG-4;0;0;01/07/2022;01/07/2022
1;706-BCB-3;0;0;01/07/2022;01/07/2022
1;706-BCB-4;0;0;01/07/2022;01/07/2022
1;706-BBY-3;0;0;01/07/2022;01/07/2022
1;706-BKP;0;0;01/07/2022;01/07/2022
1;706-SAW;0;0;01/07/2022;01/07/2022
1;706-BLC-3;0;0;01/07/2022;01/07/2022
1;706-BTM-3;0;0;01/07/2022;01/07/2022
1;706-BKN-2;0;0;01/07/2022;01/07/2022
1;706-BKAY;0;0;01/07/2022;01/07/2022
1;706-BBS-2;0;0;01/07/2022;01/07/2022
1;706-BPC-2;0;0;01/07/2022;01/07/2022
1;706-BKB-1;0;0;01/07/2022;01/07/2022
1;706-BSM-1;0;0;01/07/2022;01/07/2022
1;706-BML-1;0;0;01/07/2022;01/07/2022
1;706-BRS-1;0;0;01/07/2022;01/07/2022
1;706-TRS-1;0;0;01/07/2022;01/07/2022
1;706-PLS-3;0;0;01/07/2022;01/07/2022
1;706-PLS-4;0;0;01/07/2022;01/07/2022
1;706-PLS-5;0;0;01/07/2022;01/07/2022
1;706-PLS-6;0;0;01/07/2022;01/07/2022
1;706-CUR;0;0;01/07/2022;01/07/2022
1;706-FUA;0;0;01/07/2022;01/07/2022
1;706-FUR;0;0;01/07/2022;01/07/2022
1;706-BKK-1;0;0;01/07/2022;01/07/2022
1;706-BKH-1;0;0;01/07/2022;01/07/2022
1;706-AMP;0;0;01/07/2022;01/07/2022
1;706-PLS-7;0;0;01/07/2022;01/07/2022
1;706-PBB;0;0;01/07/2022;01/07/2022
1;706-GLU;800;0;01/01/2023;01/01/2023
1;706-HCL;420;0;01/01/2023;01/01/2023
1;706-PHP;400;0;01/01/2023;01/01/2023
1;706-MNS;410;0;01/01/2023;01/01/2023
1;706-MTL-1;0;0;01/01/2023;01/01/2023
1;706-CCH;0;0;01/01/2023;01/01/2023
1;706-WPM;0;0;01/01/2023;01/01/2023
1;706-ALK-1;0;0;01/01/2023;01/01/2023
1;706-MKJ;0;0;01/01/2023;01/01/2023
1;706-DCA;1;0;01/01/2023;01/01/2023
1;706-KNO;2000;0;01/01/2023;01/01/2023
1;706-CNO;1000;0;01/01/2023;01/01/2023
1;706-FEB;0;0;01/01/2023;01/01/2023
1;706-MNP;940;0;01/01/2023;01/01/2023
1;706-KSO;880;0;01/01/2023;01/01/2023
1;706-AEN;0;0;01/01/2023;01/01/2023
1;706-MGM;0;0;01/01/2023;01/01/2023
1;706-MNG;0;0;01/01/2023;01/01/2023
1;706-CUP;500;0;01/01/2023;01/01/2023
1;706-ZNC;0;0;01/01/2023;01/01/2023
1;706-ISO;0;0;01/01/2023;01/01/2023
1;706-AMO;0;0;01/01/2023;01/01/2023
1;706-PIS;0;0;01/01/2023;01/01/2023
1;706-IOD;1050;0;01/01/2023;01/01/2023
1;706-MTH;250;0;01/01/2023;01/01/2023
1;706-EOS;50;0;01/01/2023;01/01/2023
1;706-AQU;0;0;01/01/2023;01/01/2023
1;706-BEN;0;0;01/01/2023;01/01/2023
1;706-PRO;0;0;01/01/2023;01/01/2023
1;706-MBS;0;0;01/01/2023;01/01/2023
1;706-BKN-1;0;0;01/01/2023;01/01/2023
1;706-DET;0;0;01/01/2023;01/01/2023
1;706-DDK;0;0;01/01/2023;01/01/2023
1;706-BBD;0;0;01/01/2023;01/01/2023
1;706-BBY-1;0;0;01/01/2023;01/01/2023
1;706-BBY-2;0;0;01/01/2023;01/01/2023
1;706-BSL-1;0;0;01/01/2023;01/01/2023
1;706-BTM-1;0;0;01/01/2023;01/01/2023
1;706-BTM-2;0;0;01/01/2023;01/01/2023
1;706-BLC-1;0;0;01/01/2023;01/01/2023
1;706-BCB-1;0;0;01/01/2023;01/01/2023
1;706-BCM-1;0;0;01/01/2023;01/01/2023
1;706-BPC-1;0;0;01/01/2023;01/01/2023
1;706-BLC-2;0;0;01/01/2023;01/01/2023
1;706-BTT-1;0;0;01/01/2023;01/01/2023
1;706-BBC-1;0;0;01/01/2023;01/01/2023
1;706-BBS-1;0;0;01/01/2023;01/01/2023
1;706-BTT-2;0;0;01/01/2023;01/01/2023
1;706-BCB-2;0;0;01/01/2023;01/01/2023
1;706-BJG-1;0;0;01/01/2023;01/01/2023
1;706-BKM-1;0;0;01/01/2023;01/01/2023
1;706-TSP;0;0;01/01/2023;01/01/2023
1;706-PPK-1;0;1;01/01/2023;01/01/2023
1;706-BTT-3;0;0;01/01/2023;01/01/2023
1;706-BTT-4;0;0;01/01/2023;01/01/2023
1;706-BJG-2;0;0;01/01/2023;01/01/2023
1;706-TNH-1;0;0;01/01/2023;01/01/2023
1;706-CCP;0;0;01/01/2023;01/01/2023
1;706-SKB;0;0;01/01/2023;01/01/2023
1;706-PPK-2;0;0;01/01/2023;01/01/2023
1;706-PPK-3;0;0;01/01/2023;01/01/2023
1;706-TOB;0;0;01/01/2023;01/01/2023
1;706-PPK-4;0;0;01/01/2023;01/01/2023
1;706-TNH-2;0;0;01/01/2023;01/01/2023
1;706-KAF;0;0;01/01/2023;01/01/2023
1;706-FSW;0;0;01/01/2023;01/01/2023
1;706-LFX;0;0;01/01/2023;01/01/2023
1;706-MDM;0;0;01/01/2023;01/01/2023
1;706-AGR;0;0;01/01/2023;01/01/2023
1;706-DPX;0;0;01/01/2023;01/01/2023
1;706-PLS-1;0;0;01/01/2023;01/01/2023
1;706-BTN-1;0;0;01/01/2023;01/01/2023
1;706-BTN-2;0;0;01/01/2023;01/01/2023
1;706-BTN-3;0;0;01/01/2023;01/01/2023
1;706-KRS-1;0;0;01/01/2023;01/01/2023
1;706-AGR-2;1;0;01/01/2023;01/01/2023
1;706-AGR-3;500;0;01/01/2023;01/01/2023
1;706-ARG-1;0;0;01/01/2023;01/01/2023
1;706-ALK-2;0;0;01/01/2023;01/01/2023
1;706-HNO;1000;0;01/01/2023;01/01/2023
1;706-BFR-1;100;0;01/01/2023;01/01/2023
1;706-BFR-2;250;0;01/01/2023;01/01/2023
1;706-DXT;500;0;01/01/2023;01/01/2023
1;706-SPR;0;0;01/01/2023;01/01/2023
1;706-PPK-5;0;0;01/01/2023;01/01/2023
1;706-CLX;0;0;01/01/2023;01/01/2023
1;706-MNA;1;0;01/01/2023;01/01/2023
1;706-KAM;2000;0;01/01/2023;01/01/2023
1;706-FEE;100;0;01/01/2023;01/01/2023
1;706-MKP;2000;0;01/01/2023;01/01/2023
1;706-AMS;2000;0;01/01/2023;01/01/2023
1;706-MGS;0;0;01/01/2023;01/01/2023
1;706-CUS;200;0;01/01/2023;01/01/2023
1;706-ZNS;200;0;01/01/2023;01/01/2023
1;706-ASB;200;0;01/01/2023;01/01/2023
1;706-AHM;10;0;01/01/2023;01/01/2023
1;706-PRP;0;0;01/01/2023;01/01/2023
1;706-SLG;0;0;01/01/2023;01/01/2023
1;706-LNL;0;0;01/01/2023;01/01/2023
1;706-VSL;1;0;01/01/2023;01/01/2023
1;706-IAA;0;0;01/01/2023;01/01/2023
1;706-GA3;0;0;01/01/2023;01/01/2023
1;706-AAS;0;0;01/01/2023;01/01/2023
1;706-NAA;0;0;01/01/2023;01/01/2023
1;706-PPM;0;0;01/01/2023;01/01/2023
1;706-NMH;500;0;01/01/2023;01/01/2023
1;706-ARG-2;2000;0;01/01/2023;01/01/2023
1;706-BAG;1000;0;01/01/2023;01/01/2023
1;706-FAT;750;0;01/01/2023;01/01/2023
1;706-SUC;1000;0;01/01/2023;01/01/2023
1;706-IBA;5;0;01/01/2023;01/01/2023
1;706-KCL;1000;0;01/01/2023;01/01/2023
1;706-AAG;2;0;01/01/2023;01/01/2023
1;706-AAT;2;0;01/01/2023;01/01/2023
1;706-PAC;1;0;01/01/2023;01/01/2023
1;706-CAM;1;0;01/01/2023;01/01/2023
1;706-TKL;1;0;01/01/2023;01/01/2023
1;706-KOH;1;0;01/01/2023;01/01/2023
1;706-BSS;0;10;01/01/2023;01/01/2023
1;706-BBG;0;10;01/01/2023;01/01/2023
1;706-UBI;0;2000;01/01/2023;01/01/2023
1;706-PTT;0;1000;01/01/2023;01/01/2023
1;706-BBR-1;0;15000;01/01/2023;01/01/2023
1;706-PLS-2;0;1000;01/01/2023;01/01/2023
1;706-BBK;0;50000;01/01/2023;01/01/2023
1;706-BBT;0;1;01/01/2023;01/01/2023
1;706-POL-1;0;5;01/01/2023;01/01/2023
1;706-BBR-2;0;20;01/01/2023;01/01/2023
1;706-PFT;0;1;01/01/2023;01/01/2023
1;706-PDS;0;1;01/01/2023;01/01/2023
1;706-KRG;0;10;01/01/2023;01/01/2023
1;706-GLM;0;4;01/01/2023;01/01/2023
1;706-ALK-3;0;5000;01/01/2023;01/01/2023
1;706-BTM;0;0;01/01/2023;01/01/2023
1;706-BHT;0;0;01/01/2023;01/01/2023
1;706-PPK-6;0;0;01/01/2023;01/01/2023
1;706-PPK-7;0;0;01/01/2023;01/01/2023
1;706-PPK-8;0;0;01/01/2023;01/01/2023
1;706-BHK;0;0;01/01/2023;01/01/2023
1;706-ATK;0;0;01/01/2023;01/01/2023
1;706-MBK;0;0;01/01/2023;01/01/2023
1;706-MJM;0;0;01/01/2023;01/01/2023
1;706-BMM;0;0;01/01/2023;01/01/2023
1;706-BFG;0;0;01/01/2023;01/01/2023
1;706-MTM;0;0;01/01/2023;01/01/2023
1;706-ABM;0;0;01/01/2023;01/01/2023
1;706-HER;0;0;01/01/2023;01/01/2023
1;706-INC;0;0;01/01/2023;01/01/2023
1;706-JSR;0;0;01/01/2023;01/01/2023
1;706-PET;0;0;01/01/2023;01/01/2023
1;706-INM;0;0;01/01/2023;01/01/2023
1;706-PPK-9;0;0;01/01/2023;01/01/2023
1;706-PPK-10;0;0;01/01/2023;01/01/2023
1;706-PON;0;0;01/01/2023;01/01/2023
1;706-BJG-3;0;0;01/01/2023;01/01/2023
1;706-BJG-4;0;0;01/01/2023;01/01/2023
1;706-BCB-3;0;0;01/01/2023;01/01/2023
1;706-BCB-4;0;0;01/01/2023;01/01/2023
1;706-BBY-3;0;0;01/01/2023;01/01/2023
1;706-BKP;0;0;01/01/2023;01/01/2023
1;706-SAW;0;0;01/01/2023;01/01/2023
1;706-BLC-3;0;0;01/01/2023;01/01/2023
1;706-BTM-3;0;0;01/01/2023;01/01/2023
1;706-BKN-2;0;0;01/01/2023;01/01/2023
1;706-BKAY;0;0;01/01/2023;01/01/2023
1;706-BBS-2;0;0;01/01/2023;01/01/2023
1;706-BPC-2;0;0;01/01/2023;01/01/2023
1;706-BKB-1;0;0;01/01/2023;01/01/2023
1;706-BSM-1;0;0;01/01/2023;01/01/2023
1;706-BML-1;0;0;01/01/2023;01/01/2023
1;706-BRS-1;0;0;01/01/2023;01/01/2023
1;706-TRS-1;0;0;01/01/2023;01/01/2023
1;706-PLS-3;0;0;01/01/2023;01/01/2023
1;706-PLS-4;0;0;01/01/2023;01/01/2023
1;706-PLS-5;0;0;01/01/2023;01/01/2023
1;706-PLS-6;0;0;01/01/2023;01/01/2023
1;706-CUR;0;0;01/01/2023;01/01/2023
1;706-FUA;0;0;01/01/2023;01/01/2023
1;706-FUR;0;0;01/01/2023;01/01/2023
1;706-BKK-1;0;0;01/01/2023;01/01/2023
1;706-BKH-1;0;0;01/01/2023;01/01/2023
1;706-AMP;0;0;01/01/2023;01/01/2023
1;706-PLS-7;0;0;01/01/2023;01/01/2023
1;706-PBB;0;0;01/01/2023;01/01/2023
1;706-GLU;800;0;01/07/2023;01/07/2023
1;706-HCL;420;0;01/07/2023;01/07/2023
1;706-PHP;400;0;01/07/2023;01/07/2023
1;706-MNS;410;0;01/07/2023;01/07/2023
1;706-MTL-1;0;0;01/07/2023;01/07/2023
1;706-CCH;0;0;01/07/2023;01/07/2023
1;706-WPM;0;0;01/07/2023;01/07/2023
1;706-ALK-1;0;0;01/07/2023;01/07/2023
1;706-MKJ;0;0;01/07/2023;01/07/2023
1;706-DCA;1;0;01/07/2023;01/07/2023
1;706-KNO;2000;0;01/07/2023;01/07/2023
1;706-CNO;1000;0;01/07/2023;01/07/2023
1;706-FEB;0;0;01/07/2023;01/07/2023
1;706-MNP;940;0;01/07/2023;01/07/2023
1;706-KSO;880;0;01/07/2023;01/07/2023
1;706-AEN;0;0;01/07/2023;01/07/2023
1;706-MGM;0;0;01/07/2023;01/07/2023
1;706-MNG;0;0;01/07/2023;01/07/2023
1;706-CUP;500;0;01/07/2023;01/07/2023
1;706-ZNC;0;0;01/07/2023;01/07/2023
1;706-ISO;0;0;01/07/2023;01/07/2023
1;706-AMO;0;0;01/07/2023;01/07/2023
1;706-PIS;0;0;01/07/2023;01/07/2023
1;706-IOD;1050;0;01/07/2023;01/07/2023
1;706-MTH;250;0;01/07/2023;01/07/2023
1;706-EOS;50;0;01/07/2023;01/07/2023
1;706-AQU;0;0;01/07/2023;01/07/2023
1;706-BEN;0;0;01/07/2023;01/07/2023
1;706-PRO;0;0;01/07/2023;01/07/2023
1;706-MBS;0;0;01/07/2023;01/07/2023
1;706-BKN-1;0;0;01/07/2023;01/07/2023
1;706-DET;0;0;01/07/2023;01/07/2023
1;706-DDK;0;0;01/07/2023;01/07/2023
1;706-BBD;0;0;01/07/2023;01/07/2023
1;706-BBY-1;0;0;01/07/2023;01/07/2023
1;706-BBY-2;0;0;01/07/2023;01/07/2023
1;706-BSL-1;0;0;01/07/2023;01/07/2023
1;706-BTM-1;0;0;01/07/2023;01/07/2023
1;706-BTM-2;0;0;01/07/2023;01/07/2023
1;706-BLC-1;0;0;01/07/2023;01/07/2023
1;706-BCB-1;0;0;01/07/2023;01/07/2023
1;706-BCM-1;0;0;01/07/2023;01/07/2023
1;706-BPC-1;0;0;01/07/2023;01/07/2023
1;706-BLC-2;0;0;01/07/2023;01/07/2023
1;706-BTT-1;0;0;01/07/2023;01/07/2023
1;706-BBC-1;0;0;01/07/2023;01/07/2023
1;706-BBS-1;0;0;01/07/2023;01/07/2023
1;706-BTT-2;0;0;01/07/2023;01/07/2023
1;706-BCB-2;0;0;01/07/2023;01/07/2023
1;706-BJG-1;0;0;01/07/2023;01/07/2023
1;706-BKM-1;0;0;01/07/2023;01/07/2023
1;706-TSP;0;0;01/07/2023;01/07/2023
1;706-PPK-1;0;150;01/07/2023;01/07/2023
1;706-BTT-3;0;0;01/07/2023;01/07/2023
1;706-BTT-4;0;0;01/07/2023;01/07/2023
1;706-BJG-2;0;0;01/07/2023;01/07/2023
1;706-TNH-1;0;0;01/07/2023;01/07/2023
1;706-CCP;0;0;01/07/2023;01/07/2023
1;706-SKB;0;0;01/07/2023;01/07/2023
1;706-PPK-2;0;0;01/07/2023;01/07/2023
1;706-PPK-3;0;0;01/07/2023;01/07/2023
1;706-TOB;0;0;01/07/2023;01/07/2023
1;706-PPK-4;0;0;01/07/2023;01/07/2023
1;706-TNH-2;0;0;01/07/2023;01/07/2023
1;706-KAF;0;0;01/07/2023;01/07/2023
1;706-FSW;0;0;01/07/2023;01/07/2023
1;706-LFX;0;0;01/07/2023;01/07/2023
1;706-MDM;0;0;01/07/2023;01/07/2023
1;706-AGR;0;0;01/07/2023;01/07/2023
1;706-DPX;0;0;01/07/2023;01/07/2023
1;706-PLS-1;0;0;01/07/2023;01/07/2023
1;706-BTN-1;0;0;01/07/2023;01/07/2023
1;706-BTN-2;0;0;01/07/2023;01/07/2023
1;706-BTN-3;0;0;01/07/2023;01/07/2023
1;706-KRS-1;0;0;01/07/2023;01/07/2023
1;706-AGR-2;1;0;01/07/2023;01/07/2023
1;706-AGR-3;500;0;01/07/2023;01/07/2023
1;706-ARG-1;0;0;01/07/2023;01/07/2023
1;706-ALK-2;0;0;01/07/2023;01/07/2023
1;706-HNO;1000;0;01/07/2023;01/07/2023
1;706-BFR-1;100;0;01/07/2023;01/07/2023
1;706-BFR-2;250;0;01/07/2023;01/07/2023
1;706-DXT;500;0;01/07/2023;01/07/2023
1;706-SPR;0;0;01/07/2023;01/07/2023
1;706-PPK-5;0;0;01/07/2023;01/07/2023
1;706-CLX;0;0;01/07/2023;01/07/2023
1;706-MNA;1;0;01/07/2023;01/07/2023
1;706-KAM;2000;0;01/07/2023;01/07/2023
1;706-FEE;100;0;01/07/2023;01/07/2023
1;706-MKP;2000;0;01/07/2023;01/07/2023
1;706-AMS;2000;0;01/07/2023;01/07/2023
1;706-MGS;0;0;01/07/2023;01/07/2023
1;706-CUS;200;0;01/07/2023;01/07/2023
1;706-ZNS;200;0;01/07/2023;01/07/2023
1;706-ASB;200;0;01/07/2023;01/07/2023
1;706-AHM;10;0;01/07/2023;01/07/2023
1;706-PRP;0;0;01/07/2023;01/07/2023
1;706-SLG;0;0;01/07/2023;01/07/2023
1;706-LNL;0;0;01/07/2023;01/07/2023
1;706-VSL;1;0;01/07/2023;01/07/2023
1;706-IAA;0;0;01/07/2023;01/07/2023
1;706-GA3;0;0;01/07/2023;01/07/2023
1;706-AAS;0;0;01/07/2023;01/07/2023
1;706-NAA;0;0;01/07/2023;01/07/2023
1;706-PPM;0;0;01/07/2023;01/07/2023
1;706-NMH;500;0;01/07/2023;01/07/2023
1;706-ARG-2;2000;0;01/07/2023;01/07/2023
1;706-BAG;1000;0;01/07/2023;01/07/2023
1;706-FAT;750;0;01/07/2023;01/07/2023
1;706-SUC;1000;0;01/07/2023;01/07/2023
1;706-IBA;5;0;01/07/2023;01/07/2023
1;706-KCL;1000;0;01/07/2023;01/07/2023
1;706-AAG;2;0;01/07/2023;01/07/2023
1;706-AAT;2;0;01/07/2023;01/07/2023
1;706-PAC;1;0;01/07/2023;01/07/2023
1;706-CAM;1;0;01/07/2023;01/07/2023
1;706-TKL;1;0;01/07/2023;01/07/2023
1;706-KOH;1;0;01/07/2023;01/07/2023
1;706-BSS;0;0;01/07/2023;01/07/2023
1;706-BBG;0;0;01/07/2023;01/07/2023
1;706-UBI;0;0;01/07/2023;01/07/2023
1;706-PTT;0;0;01/07/2023;01/07/2023
1;706-BBR-1;0;0;01/07/2023;01/07/2023
1;706-PLS-2;0;0;01/07/2023;01/07/2023
1;706-BBK;0;50000;01/07/2023;01/07/2023
1;706-BBT;0;150;01/07/2023;01/07/2023
1;706-POL-1;0;0;01/07/2023;01/07/2023
1;706-BBR-2;0;0;01/07/2023;01/07/2023
1;706-PFT;0;0;01/07/2023;01/07/2023
1;706-PDS;0;0;01/07/2023;01/07/2023
1;706-KRG;0;0;01/07/2023;01/07/2023
1;706-GLM;0;0;01/07/2023;01/07/2023
1;706-ALK-3;0;0;01/07/2023;01/07/2023
1;706-BTM;0;150;01/07/2023;01/07/2023
1;706-BHT;0;150000;01/07/2023;01/07/2023
1;706-PPK-6;0;60000;01/07/2023;01/07/2023
1;706-PPK-7;0;58000;01/07/2023;01/07/2023
1;706-PPK-8;0;30000;01/07/2023;01/07/2023
1;706-BHK;0;50000;01/07/2023;01/07/2023
1;706-ATK;0;30;01/07/2023;01/07/2023
1;706-MBK;0;20;01/07/2023;01/07/2023
1;706-MJM;0;20;01/07/2023;01/07/2023
1;706-BMM;0;40;01/07/2023;01/07/2023
1;706-BFG;0;40;01/07/2023;01/07/2023
1;706-MTM;0;150;01/07/2023;01/07/2023
1;706-ABM;0;40;01/07/2023;01/07/2023
1;706-HER;0;40;01/07/2023;01/07/2023
1;706-INC;0;30;01/07/2023;01/07/2023
1;706-JSR;0;30;01/07/2023;01/07/2023
1;706-PET;0;60;01/07/2023;01/07/2023
1;706-INM;0;30000;01/07/2023;01/07/2023
1;706-PPK-9;0;0;01/07/2023;01/07/2023
1;706-PPK-10;0;0;01/07/2023;01/07/2023
1;706-PON;0;0;01/07/2023;01/07/2023
1;706-BJG-3;0;0;01/07/2023;01/07/2023
1;706-BJG-4;0;0;01/07/2023;01/07/2023
1;706-BCB-3;0;0;01/07/2023;01/07/2023
1;706-BCB-4;0;0;01/07/2023;01/07/2023
1;706-BBY-3;0;0;01/07/2023;01/07/2023
1;706-BKP;0;0;01/07/2023;01/07/2023
1;706-SAW;0;0;01/07/2023;01/07/2023
1;706-BLC-3;0;0;01/07/2023;01/07/2023
1;706-BTM-3;0;0;01/07/2023;01/07/2023
1;706-BKN-2;0;0;01/07/2023;01/07/2023
1;706-BKAY;0;0;01/07/2023;01/07/2023
1;706-BBS-2;0;0;01/07/2023;01/07/2023
1;706-BPC-2;0;0;01/07/2023;01/07/2023
1;706-BKB-1;0;0;01/07/2023;01/07/2023
1;706-BSM-1;0;0;01/07/2023;01/07/2023
1;706-BML-1;0;0;01/07/2023;01/07/2023
1;706-BRS-1;0;0;01/07/2023;01/07/2023
1;706-TRS-1;0;0;01/07/2023;01/07/2023
1;706-PLS-3;0;0;01/07/2023;01/07/2023
1;706-PLS-4;0;0;01/07/2023;01/07/2023
1;706-PLS-5;0;0;01/07/2023;01/07/2023
1;706-PLS-6;0;0;01/07/2023;01/07/2023
1;706-CUR;0;0;01/07/2023;01/07/2023
1;706-FUA;0;0;01/07/2023;01/07/2023
1;706-FUR;0;0;01/07/2023;01/07/2023
1;706-BKK-1;0;0;01/07/2023;01/07/2023
1;706-BKH-1;0;0;01/07/2023;01/07/2023
1;706-AMP;0;0;01/07/2023;01/07/2023
1;706-PLS-7;0;0;01/07/2023;01/07/2023
1;706-PBB;0;0;01/07/2023;01/07/2023
1;706-GLU;800;0;01/01/2024;01/01/2024
1;706-HCL;420;0;01/01/2024;01/01/2024
1;706-PHP;400;0;01/01/2024;01/01/2024
1;706-MNS;410;0;01/01/2024;01/01/2024
1;706-MTL-1;0;0;01/01/2024;01/01/2024
1;706-CCH;0;0;01/01/2024;01/01/2024
1;706-WPM;0;0;01/01/2024;01/01/2024
1;706-ALK-1;0;0;01/01/2024;01/01/2024
1;706-MKJ;0;0;01/01/2024;01/01/2024
1;706-DCA;1;0;01/01/2024;01/01/2024
1;706-KNO;2000;0;01/01/2024;01/01/2024
1;706-CNO;1000;0;01/01/2024;01/01/2024
1;706-FEB;0;0;01/01/2024;01/01/2024
1;706-MNP;940;0;01/01/2024;01/01/2024
1;706-KSO;880;0;01/01/2024;01/01/2024
1;706-AEN;0;0;01/01/2024;01/01/2024
1;706-MGM;0;0;01/01/2024;01/01/2024
1;706-MNG;0;0;01/01/2024;01/01/2024
1;706-CUP;500;0;01/01/2024;01/01/2024
1;706-ZNC;0;0;01/01/2024;01/01/2024
1;706-ISO;0;0;01/01/2024;01/01/2024
1;706-AMO;0;0;01/01/2024;01/01/2024
1;706-PIS;0;0;01/01/2024;01/01/2024
1;706-IOD;1050;0;01/01/2024;01/01/2024
1;706-MTH;250;0;01/01/2024;01/01/2024
1;706-EOS;50;0;01/01/2024;01/01/2024
1;706-AQU;0;0;01/01/2024;01/01/2024
1;706-BEN;0;0;01/01/2024;01/01/2024
1;706-PRO;0;0;01/01/2024;01/01/2024
1;706-MBS;0;0;01/01/2024;01/01/2024
1;706-BKN-1;0;0;01/01/2024;01/01/2024
1;706-DET;0;0;01/01/2024;01/01/2024
1;706-DDK;0;0;01/01/2024;01/01/2024
1;706-BBD;0;0;01/01/2024;01/01/2024
1;706-BBY-1;0;0;01/01/2024;01/01/2024
1;706-BBY-2;0;0;01/01/2024;01/01/2024
1;706-BSL-1;0;0;01/01/2024;01/01/2024
1;706-BTM-1;0;0;01/01/2024;01/01/2024
1;706-BTM-2;0;0;01/01/2024;01/01/2024
1;706-BLC-1;0;0;01/01/2024;01/01/2024
1;706-BCB-1;0;0;01/01/2024;01/01/2024
1;706-BCM-1;0;0;01/01/2024;01/01/2024
1;706-BPC-1;0;0;01/01/2024;01/01/2024
1;706-BLC-2;0;0;01/01/2024;01/01/2024
1;706-BTT-1;0;0;01/01/2024;01/01/2024
1;706-BBC-1;0;0;01/01/2024;01/01/2024
1;706-BBS-1;0;0;01/01/2024;01/01/2024
1;706-BTT-2;0;0;01/01/2024;01/01/2024
1;706-BCB-2;0;0;01/01/2024;01/01/2024
1;706-BJG-1;0;0;01/01/2024;01/01/2024
1;706-BKM-1;0;0;01/01/2024;01/01/2024
1;706-TSP;0;3000;01/01/2024;01/01/2024
1;706-PPK-1;0;20;01/01/2024;01/01/2024
1;706-BTT-3;0;0;01/01/2024;01/01/2024
1;706-BTT-4;0;0;01/01/2024;01/01/2024
1;706-BJG-2;0;0;01/01/2024;01/01/2024
1;706-TNH-1;0;0;01/01/2024;01/01/2024
1;706-CCP;0;0;01/01/2024;01/01/2024
1;706-SKB;0;0;01/01/2024;01/01/2024
1;706-PPK-2;0;0;01/01/2024;01/01/2024
1;706-PPK-3;0;0;01/01/2024;01/01/2024
1;706-TOB;0;0;01/01/2024;01/01/2024
1;706-PPK-4;0;0;01/01/2024;01/01/2024
1;706-TNH-2;0;0;01/01/2024;01/01/2024
1;706-KAF;0;0;01/01/2024;01/01/2024
1;706-FSW;0;0;01/01/2024;01/01/2024
1;706-LFX;0;0;01/01/2024;01/01/2024
1;706-MDM;0;0;01/01/2024;01/01/2024
1;706-AGR;0;0;01/01/2024;01/01/2024
1;706-DPX;0;0;01/01/2024;01/01/2024
1;706-PLS-1;0;0;01/01/2024;01/01/2024
1;706-BTN-1;0;0;01/01/2024;01/01/2024
1;706-BTN-2;0;0;01/01/2024;01/01/2024
1;706-BTN-3;0;0;01/01/2024;01/01/2024
1;706-KRS-1;0;0;01/01/2024;01/01/2024
1;706-AGR-2;1;0;01/01/2024;01/01/2024
1;706-AGR-3;500;0;01/01/2024;01/01/2024
1;706-ARG-1;0;0;01/01/2024;01/01/2024
1;706-ALK-2;0;0;01/01/2024;01/01/2024
1;706-HNO;1000;0;01/01/2024;01/01/2024
1;706-BFR-1;100;0;01/01/2024;01/01/2024
1;706-BFR-2;250;0;01/01/2024;01/01/2024
1;706-DXT;500;0;01/01/2024;01/01/2024
1;706-SPR;0;0;01/01/2024;01/01/2024
1;706-PPK-5;0;0;01/01/2024;01/01/2024
1;706-CLX;0;0;01/01/2024;01/01/2024
1;706-MNA;1;0;01/01/2024;01/01/2024
1;706-KAM;2000;0;01/01/2024;01/01/2024
1;706-FEE;100;0;01/01/2024;01/01/2024
1;706-MKP;2000;0;01/01/2024;01/01/2024
1;706-AMS;2000;0;01/01/2024;01/01/2024
1;706-MGS;0;1000;01/01/2024;01/01/2024
1;706-CUS;200;0;01/01/2024;01/01/2024
1;706-ZNS;200;0;01/01/2024;01/01/2024
1;706-ASB;200;0;01/01/2024;01/01/2024
1;706-AHM;10;0;01/01/2024;01/01/2024
1;706-PRP;0;0;01/01/2024;01/01/2024
1;706-SLG;0;0;01/01/2024;01/01/2024
1;706-LNL;0;0;01/01/2024;01/01/2024
1;706-VSL;1;0;01/01/2024;01/01/2024
1;706-IAA;0;0;01/01/2024;01/01/2024
1;706-GA3;0;0;01/01/2024;01/01/2024
1;706-AAS;0;0;01/01/2024;01/01/2024
1;706-NAA;0;0;01/01/2024;01/01/2024
1;706-PPM;0;0;01/01/2024;01/01/2024
1;706-NMH;500;0;01/01/2024;01/01/2024
1;706-ARG-2;2000;0;01/01/2024;01/01/2024
1;706-BAG;1000;0;01/01/2024;01/01/2024
1;706-FAT;750;0;01/01/2024;01/01/2024
1;706-SUC;1000;0;01/01/2024;01/01/2024
1;706-IBA;5;0;01/01/2024;01/01/2024
1;706-KCL;1000;3000;01/01/2024;01/01/2024
1;706-AAG;2;0;01/01/2024;01/01/2024
1;706-AAT;2;0;01/01/2024;01/01/2024
1;706-PAC;1;0;01/01/2024;01/01/2024
1;706-CAM;1;0;01/01/2024;01/01/2024
1;706-TKL;1;0;01/01/2024;01/01/2024
1;706-KOH;1;0;01/01/2024;01/01/2024
1;706-BSS;0;0;01/01/2024;01/01/2024
1;706-BBG;0;0;01/01/2024;01/01/2024
1;706-UBI;0;0;01/01/2024;01/01/2024
1;706-PTT;0;0;01/01/2024;01/01/2024
1;706-BBR-1;0;0;01/01/2024;01/01/2024
1;706-PLS-2;0;0;01/01/2024;01/01/2024
1;706-BBK;0;0;01/01/2024;01/01/2024
1;706-BBT;0;0;01/01/2024;01/01/2024
1;706-POL-1;0;10;01/01/2024;01/01/2024
1;706-BBR-2;0;0;01/01/2024;01/01/2024
1;706-PFT;0;5;01/01/2024;01/01/2024
1;706-PDS;0;1;01/01/2024;01/01/2024
1;706-KRG;0;0;01/01/2024;01/01/2024
1;706-GLM;0;0;01/01/2024;01/01/2024
1;706-ALK-3;0;1000;01/01/2024;01/01/2024
1;706-BTM;0;0;01/01/2024;01/01/2024
1;706-BHT;0;0;01/01/2024;01/01/2024
1;706-PPK-6;0;0;01/01/2024;01/01/2024
1;706-PPK-7;0;0;01/01/2024;01/01/2024
1;706-PPK-8;0;0;01/01/2024;01/01/2024
1;706-BHK;0;0;01/01/2024;01/01/2024
1;706-ATK;0;0;01/01/2024;01/01/2024
1;706-MBK;1;0;01/01/2024;01/01/2024
1;706-MJM;1;0;01/01/2024;01/01/2024
1;706-BMM;0;0;01/01/2024;01/01/2024
1;706-BFG;0;0;01/01/2024;01/01/2024
1;706-MTM;0;0;01/01/2024;01/01/2024
1;706-ABM;0;0;01/01/2024;01/01/2024
1;706-HER;0;0;01/01/2024;01/01/2024
1;706-INC;0;0;01/01/2024;01/01/2024
1;706-JSR;0;0;01/01/2024;01/01/2024
1;706-PET;0;0;01/01/2024;01/01/2024
1;706-INM;0;0;01/01/2024;01/01/2024
1;706-PPK-9;0;10000;01/01/2024;01/01/2024
1;706-PPK-10;0;5000;01/01/2024;01/01/2024
1;706-PON;0;5;01/01/2024;01/01/2024
1;706-BJG-3;0;2;01/01/2024;01/01/2024
1;706-BJG-4;0;4;01/01/2024;01/01/2024
1;706-BCB-3;0;4;01/01/2024;01/01/2024
1;706-BCB-4;0;3;01/01/2024;01/01/2024
1;706-BBY-3;0;1;01/01/2024;01/01/2024
1;706-BKP;0;1;01/01/2024;01/01/2024
1;706-SAW;0;2;01/01/2024;01/01/2024
1;706-BLC-3;0;2;01/01/2024;01/01/2024
1;706-BTM-3;0;2;01/01/2024;01/01/2024
1;706-BKN-2;0;1;01/01/2024;01/01/2024
1;706-BKAY;0;1;01/01/2024;01/01/2024
1;706-BBS-2;0;2;01/01/2024;01/01/2024
1;706-BPC-2;0;2;01/01/2024;01/01/2024
1;706-BKB-1;0;1;01/01/2024;01/01/2024
1;706-BSM-1;0;2;01/01/2024;01/01/2024
1;706-BML-1;0;2;01/01/2024;01/01/2024
1;706-BRS-1;0;4;01/01/2024;01/01/2024
1;706-TRS-1;0;3;01/01/2024;01/01/2024
1;706-PLS-3;0;2;01/01/2024;01/01/2024
1;706-PLS-4;0;4;01/01/2024;01/01/2024
1;706-PLS-5;0;1;01/01/2024;01/01/2024
1;706-PLS-6;0;12;01/01/2024;01/01/2024
1;706-CUR;0;1;01/01/2024;01/01/2024
1;706-FUA;0;1;01/01/2024;01/01/2024
1;706-FUR;0;4000;01/01/2024;01/01/2024
1;706-BKK-1;0;1;01/01/2024;01/01/2024
1;706-BKH-1;0;2;01/01/2024;01/01/2024
1;706-AMP;0;1;01/01/2024;01/01/2024
1;706-PLS-7;0;2;01/01/2024;01/01/2024
1;706-PBB;0;2;01/01/2024;01/01/2024